group,kanjis
一,一乛七丁丂丅丄丆𬺰下三上万丈与丌不丑弌丐丒丏㐄龶𠀋𠀈世丘且丙丕丗㐀业丛丝𠀑両丞卋㐂丟㐁丠𫝁𠀘𠀚丣坙並疌丧𠀺𠁈
乙,乙乚⺄乛九乜龴乞也㐇㐈㐉习乡𠃔乣乤㐊㐋乥乧㐌㐍㐎㐏乩乨乪乫乬乭乮乯㐐㐑㐒㐓㐔㐕乱乲㐖㐗𠃬乳乵乴乶乷㐙㐚㐛乸乹乺乻乼㐜㐝㐞㐟㐠乽乾乿㐡㐢㐣亁㐤亂亄亃㐥㐦
丨,丨丩个丫㐃中丯丰丮㐄丱串芈丳丵
丶,丶丷丸之𠁽𠁾丹主丼丽
亅,亅了𠄏亇予𠄔争亊事㐨
丿,丿乁乀乃乂乄〆㐅𬼂𬻿久之乆乇么乊乏龰龵乎乍玍𠂛𠂔㐆乑乒乓丢𠂢𠂤乕乖乗𠂷乘𠂹𡴘
冂,冂⺆円内冃冄冈冇冊冉囘册冋𠕄同再冎冏𠕒冐㒺𠕘冑冓冔冕㒻㒽㒾𠕩𠕲㒿
人,人亻𠆢亾亼亽亿今化仏仁介仇什仍仄仆仂从仐仃仈仅仌仉仑仒仓仕他代以付令仙仔仗仞仭仟仠仡仚仨㐱仛仝仜仢仫仧尒㐰㐲㐳㐴㐶㚢仦仩㐵𫝆𠆭休会仲伝仮件任仰企伐伏伎伊伍价伉伜伌伇伙伋仱伒众仵伀伈仯伅仳份伕仿伃仾仴仸仹仺仼伂伄伆伓伔伖优伛伨㐸㐹㐺㐻㐼伞伢伤伦伧伩伫伬㐾㐿㑀何作体住位低似余伺伸伴佐但伯佑伽佃伶佚估佝佗佇佞佛伷佒佉佀伲伱你佘伹佋佂伳佁佔伮佟伾佖佈伻佤伵㑄伭伿佄佅佊佡佢佣佨㑃㑅㑆㑁㑂佦佧㑇使命例価舎供依佳侍侮併侃侠佼佶侈侏侘佻佩佰侑佯侖來侭侫侌侎侒侇佾㑊㑌侉佪侅佸佹侐侀侊佷佮佽佌佴侄侚侞侁佺侟侂侜侙侗侔佬侓㑒侩佫佱佲侕侤㑉㑋㑍㑎㑐㑑㑓侢侣侨侬㑏㑕㑖𠈓係信便保侵俗促侯俊侶俄俣俔俟俎俘俛俑俚俐俤俥侮俠俞侽俙俅俇侷俁俓俉侾俈俒侳侸俆俏侲㑗俀侻俋侹俖俌俜侼㑞俍俢俫俦侰侴侺俕㑘㑙㑚㑛㑜㑟佭侱俧俨俩俪俬㑝㑢𠈭𠈺倍候借倉個修俵値俳倒倹倣俸倫俺倭倶倦倖倚倨倔倪倥倅俶倡倩倬俾俯們倆俱俼偀倂㑨㑥倇俰倌倝倛倠俽倞倄倱倳倘倢倯倕俴倧倓倁俿倀倜倎倲俷倵倗倮倈倰偌倴俲俻㑪㑩俹倃倊倷倸倿㑣㑦㑧䘮倐㑤值倽㑫㑬㑭健側停偶偽偵偏偲偃偕偐偈偖偬偸做假偓偘偯偊偣偟偢偆偱偦偁偅偗偰偫偧偙偷偒偝偪偩偑偭倻偠偎偹偋偻偂偄偍偛偞偡偤偮偳偺偼傇㑮㑯㑱䣏㫦偔偿㑡㑰㑲𠋂𠋁𠊰備偉傍傘傀傚傅傡傎傠㑴傊傟傢傕傄傒傔傆傐傞傓傃傖傁傣傏傌僃傜傛傈傧傥偨傂傉傗傝㑳㑵㑶㑷㑸傤傋傦傩㑹㑺働傷傾僧催債傑僅傲傭傴僉僂傳僀㑻傿傹傪傱傽傺僄傰僈僌㑾僇傫傻傮傯傶傸傼僁僆僋㑼㑽㑿㒀㒁𠌫像僕僚僑僊僖僥僣僮僞僧僱僡僫僳僩僴僛僟僪僒僙僦僘僬僐僎僝僔僓僤僜僰儆僨㒍僗僠僷㒂㒃㒄㒅㒆㒇㒈㒉㒋㒌㒎㒖㒏㒐𠍱𠎁𠎤億儀舗僻僵儁儂儚價儉僲僢㒒僯僾儈儌僸儇儍僿儎僺儃儋儅僶㒗僼僽㒑㒓㒔㒕㒜儊儏𠏁𠎷儒儘僭儕儔儞儑儗儝儙儓儜儐儫㒊㒙㒚㒛㒝㒘𠏹優償儡儖儨儛儣儬儦儤儢儧儠儩儰儥儲㒞儭儯儱儮㒟㒠儳儵儴㒡㒢㒣𠑊儶㒤㒥㒦儺儷㒨儹儸㒧儼儻儽㒩儾㒪
二,二于亏亐亍五互井云亓亖弍亗亙亘亜𠄢些亟亞枣
十,十千卂卄午升廿卅卆㔹𠥼半丗卉卌㚈㔺𠥽卍卋华卐㔻協卒卓卑单龺𠦚𠦝南単卑卙博㔼𠧋卛
凵,凵𠙴凶出凹凸凷𠙺㓙凼函凾凿
儿,儿兀元允尣兄兂先光兆充兇兊㒫𠑺売児克兎兌兏兕免兑免尭兔兒兖㒬兗兘兙党兓兛㒭兜兝兞㒮兠兟兡兢兣㒯兤
入,入兦内內㒰屳㒱全㒲㒳㒴兩兪㒼𠓿
八,八六公兮兯兰共关兲兴龹𠔉兵㒶㒷具典其兹兺兼兽兾兿冀冁㒹
力,力劜加功幼㔓㘞务劢劣攰劦劥劧劤㔔㔕㔖㫑动𠠺助努労励劫劬劭劯劰劲劮劳㔗㔘効劾劼劵劸劻劶劺劷劽势㔙㔚㔛勇勅勃勁勉勄勈勆勀勂勊㔜𠡦勉勍勏勌勐勑㔟勎㔝㔞動務勘勗勒勖勔勚勓㔠勝勤募勞勜勛朂㔡勢勧勣勦飭勠勤勥勡勪勩勬勨勱勫勭㔢𠢥勲勯勮勰𠢱勳勵勶勴㔣㔤㔥㔦𠢹㔧勸勷𠣊
亠,亠亡亢亣交亦亥巟㐫㐪产亨㐬亩亪京卒享兖㐭亭亮亰亯兗亱亲亳𠅘商亴亵𠅬𠅨亶亷𠆌㐯亸亹
厂,厂⺁厄仄厃厅历厉厇厈厊㕂㕃㕄压厌兏厎厏㕅㕆㕇厑𠩂厒厓厔㕈㕉𠩍厚厘厖厗厙㕊厛𠩤原厜厝厞㕋㕌㕍厠厡厢厣厨厥厦厤厧㕎厯厪厫㕏厭厩厰厮厲厬㕐㕑𠪨厱㕒㕓龎厴𠫉㕔厵
刀,刀刁刂刃刄切分刈刅𠚥刊刋屶㓛刉刌㓚㓜𠚲列刑刔刎刕刖划刓刏㓝刚创刘刐㓞初別利判刪刧删免㓠㓟刜别刨刢刬刦刞刟刡刣刭刷券制刻刺到刹刮刳刱㓤刲刾刵刴剁刽刿刼刯㓡㓢㓣剀㓥㓦𠛹𠜂前則削剃剏剄剋剌㓨剎剉剅剆剈㓧㓩㓪㓫𠜓帰剣剤剛剖剥剞剔剝剦剙剓剡剘剠剒剗剚剟剕剜剢㓬㓮㓯剧㓰𠝁𠝏副剰剪剳剱剭剮剨㓵㓶剫剬剶㓭㓱㓲㓳㓴𠝷割創剴剩㓻㓷㓸㓹㓺割剿剽剺剷剼剸剻剹剾㓼㓽㔈劃劄劀劂劁㓾㔀㔁㔃㔄㔇㓿㔉劇劉劈劍劋劊劌㔅劅劐劆劎㔂㔊劏𠠇𠟭劔劒劑辨辧劓㔆㔌㔍𠟻𠠃劕㔋㔏㔎㔑㔐劖𠠡㔒劗劘劚劙
冫,冫⺀㓅冬冭冮冬冱冲决冰㓇㓆冷冶冴况冸冹冺㓈冽冼冿冾㓉㓊㓋㓌净㓍凁凂凃㓎㓏𠗖𫥎凍准凄凋凌凅凉凊凇凈㓐㓑凎㓒𠗣减凐凑㓓凖凒凔凕凓㓔㓕𠗱㓖凗凘㓗凜凛凙凚凝凞凟凞
匕,匕𠤎化㔫北㫐㔬匙匘㔭㔮
又,又及叉友反収双夃㕚㕛𠬝叏叐𠬦𠬢叒㕜叓㕝𠬶取受叔叕㕞变叙叛叚㕟叝叜叟叞叠﨎㕡叡𠮉燮叢雙
匸,匸区匹医㔷𠥱匼匽匿區匾㔸
厶,厶𠫓厸厷厹㕕去厺厼厽厾县参亝叀叁𠫳㕖參叄㕗㕘叅叆㕙㙯篡叇簒
冖,冖冗冘㓀写冚农冝罙冞冠冟㓂冥冤冢冦冣冡冧冨㓃幂冩冪㓄
卩,卩㔾卪㔿𠁾卬叩卯卮夘卭印危卵却即卲㕀卷卶卺㕁卸卻卽卼卾卿寋厀厁
勹,勹勺勾匂勿匁勻匀勼勽包匆匃匄匇匈𠣏甸匉匊匌匋匍𠣞匎匐匏匒㔨㔩匑匓㔪匔
几,几⺇𠘨凡凢凣凤処凧凥夙凪凩凨凬凭凮凯凰㓘凱凲凳凴
卜,卜卞卝占卟卡卢卣卦卥㔽𠧪卨𠨂𠨋
匚,匚区匹匛匜匞匠匡匟匢医匣匤㔯匥㔷㔰𠥱𠤵匦匧匩匨匿匪匫龨匭匬㔱匯㔳㔴㔲匱匲匰㔵匳匴匵匶匷㔶
子,子孑孒孓孔孕字存孖㜽孙孝孜孚孛斈孞㜾㜿学季孟孥孡孠孢㝀孧孤孩孨㝁孪孫孬㝂㝃孭𡥪孰孮孲孳孱孶孯㝄孴㝅孵孷㝆學孹㝇孺孻孼孽孾孿㝈
士,士壬壭壮声売壱壯壳壵壴壶壷壺壹壻㚃壼壽壾壿㚄夁𡕀
口,口右古台号史司可句召叱叶叩只叮叨叭叺叧另叴叵叹叻叼㕣㕤㕥叽叾𠮟名合同向各吸后叫吐吉吏吃吋吊吁吕叿吀吂吅吆吇吒吓吔㕦㕧㕨吖𠮷𫩓君告否含吹吟呉呈呂吾呆呑吠吻吽听吭吼吮吶吩吝呎呀吞呏吘吙吚吜吡吢吣吤吥吧吨吪启吰吱吲吳吴吵吷吺吿呁呃呄呅呇呋呌呍呐呕呚㕩㕪㕫㕬㕭㕮㕰㕱㕲㕳㕴㕵㕶㕯呒呓呔呖呛𠯮𠯑味命和周呼呪咒咏呵咎呟呷呻咀呶咄咐咆咋呧呝呞呠呡呢呣呤呥呦呩呫呬呭呮呯呴呸呹呺呾呿咁咂咃咇咈咉咊咍咑咓咔咕咖咜㕸㕹㕺㕻㕼㕽㕾咅哎咗咘咚咛咝㕷㕿周品咲哀咽咳哉呱呰哇咢咸咥咬哄哈咨咫哂咤咾咼哘咯响呲咟咠咡咣咦咧咩咪咭咮咰咱咴咵咶咷咹咺咻咿哃哅哆哊哋哏哙哛㖀㖁㖂㖃㖄㖅㖆㖇㖋㖌㖍㖎咞哌哐哔哕哖哗哚哝哞㖈㖉㖊𠱰𠱠員唐哲唆唇唄哺唖哨啄哩哥哦唏唔哽哮哭哢唳哳哣哤哧哪哫哬哯哰哱哴哵哶哷哸哹哻哼哾哿唀唁唂唃唅唈唉唊唋唍唎唑唒唓唕唗唘唙唚唜唟唧㖏㖐㖑㖒㖓㖔㖕㖖㖗㖘㖙㖚㖛㖜㖝哠唌哒唛唞唠唡唣唤唥唦㖴𠵅𠳮𠳎𠳀商問唱啓喝唯唾唹啀售啜啅啖啗唸啌啝啞啐啑啍啘啚唩唪唫唬唭唰唲唴唵唶唷唺唻唼唽唿啁啂啃啈啉啊啋啎啒啔啕啛啟啠啡啢啤啥啦啵喯喵㖟㖠㖡㖣㖤㖥㖦㖧㖨㖩㖪㖫㖯㖰㖲㖳啨喏唨啇啩啪啬啭啯啰啱啲啳啶啸啹㖬㖭㖮㖱㖵喜営善喚喫喪喉喩喬喰喧喋啣喙喀喊喟啻啾喘喞啼喃喇喨單喑啙啺啽啿喁喂喅喆喈喌喎喐喒喓喔喕喖喗喛喠喢喣喤喥喦喭喱喲喳喴喸喼嗏㖢㖶㖷㖸㖹㖺㖻㖼㖾㖿㗀㗁㗂㗃㗄㗅㗆㗇㗉㗊㗋㗌㗍㗐㗡喻嗒嗞啫啴喹喺喽喾喝㖽㗈㗎㗏㗑㗒𠷡𠶷𠷈𠷑𠷏𠷎嘆嗣嗅嘩嗚嗇嗟嗄嗜嗤嗔甞㗛喍喡喿嗀嗁嗃嗆嗈嗉嗊嗋嗌嗍嗎嗐嗑嗓嗕嗖嗗嗘嗙嗛嗝嗠嗡嗥嗦嗧嗨嗩嗭嗱嗼㗓㗔㗕㗗㗘㗙㗚㗜㗞㗟㗠嗂嗢㗖啷嗪嗫嗬嗮嗯嗰嗲嗳嗴㗝𠺞𠺕𠹭𠹤𠹍𠹠嘉嘘嘗嘔嗷嘖嗾嗽嘛嗹嘆嗶嗸嗺嗻嗿嘀嘁嘂嘃嘄嘇嘈嘊嘋嘌嘍嘎嘏嘐嘑嘒嘓嘕嘙嘚嘜嘝嘞嘨噑嘅㗢㗣㗤㗥㗦㗧㗨㗩㗫㗬㗭㗯嗵嘡嘢嘣嘥嘦嘧㗮㗰𠽟𠼦器噴嘱嘲噛噌噂噎嘶嘸噐噓噁嘟嘠嘪嘫嘬嘭嘮嘳嘵嘷嘹嘺嘻嘽嘿噀噃噅噈噉噊噋噍噏噔噕噖噗噘噚噧㗪㗱㗲㗳㗴㗵㗶嘰嘼嘾噄噇噶噝㗸㗹㗺㘃𠽫噸噺嘴噫噤嘯噬噪嚆器噦噯噒噙噞噟噡噢噣噥噩噭噮噰噲噳噵噷噹㗼㗽㗾㗿㘀㘁㘂㚡噠噱嚄㗻噻噼㘄𠿐𠾑𠿓嚇嚀嚊嚏營㘅噽噾噿嚁嚅嚈嚉嚋嚌嚍嚎嚐㘆㘇㘈㘎噆嚃嚑嚒嚓嚢嚠嚔嚙嚂嚕嚖嚗嚘嚛嚜嚞嚟㘉㘊㘌㘍㘏嚝嚡嚤𡂒嚥嚮嚬嚚嚦嚧嚨嚩嚪嚫嚭嚯㘋㘐㘑㘒嚰𩐉嚶嚴嚳嚱嚲嚵嚷嚾嚿㘓嚸嚹㘔𡄑囂嚼囁囃囀囈嚻嚽囆㘕㘖嚺㘗囎囊囅囇囉囋囌囄㘘囏囐囒㘙㘚囓囑囍囔㘛囕㘜囖
工,工㠪左巨巧巪巩巫𢀜巬巭差㠬㠫㠭巯巰㠮
山,山乢屲𡴭屶屴屵㞤㞥㞦㞧屷屹屸屺屻屼屽屾岀㞨㞩㞪㞫㞬㞭㞮㞯屿岁岂岃𡚴𡵅岐岌岑岔妛岄岅岆岇岉岊岋岎岏岒岓岕㞰㞱㞲㞳㞴㞶岈岍岖岗岙岜㞵㞸𡵸𡵢岩岸岳岬岡岨岱岫岻岶岼岷峅岾岝岞岟岠岢岣岤岥岦岧岪岭岮岯岰岲岴岵岹岺峀㞹㞺㞻㞼㞽㞾㞿㟀㟁㟃岿峁峂峃㟂𡶡𡶜𡶒𡶇峠峡峙峇峆峈峉峊峋峌峍峎峏峐峑峒峓峔峖峗峘峚峛峜峝峞峟峦㟄㟅㟐峕峢峤峥峧㟆島峰峨峻峯峭峪峩崋峽峺峫峬峮峱峲峳峴峵峷峸峹峼峾峿崀崁㟇㟈㟉㟊㟋㟌㟍㟎㟏㟑㟒㟓㟔崂崃崅㟕㟖𡶷𡷠崩崎崇崖崕崟崛崑崔崢崚崙崘崗崆崈崉崊崌崍崏崐崒崓崜崝崞崠崡崣崤崥崦崨崫㟗㟘㟙㟚㟛㟜㟝㟞㟠㟡㟢崧崪㟟崬崮崯崰㟣㟤㟥𡸴𡸳𡸫嵐嵌嵒嵎嵋嵜嵗崱崲崳崴崵崶崷崸崹崺崻崼崽崾崿嵀嵁嵂嵃嵄嵅嵇嵈嵉嵍嵏嵑嵓嵔嵕嵖嵙嵆㟦㟧㟨㟩㟪㟫㟭嵫﨑嵘嵛嵝㟮㟯㟷嵯嵳嵩嵬嵶嵊嵞嵟嵠嵡嵢嵣嵤嵦嵧嵨嵪嵭嵮嵰嵱嵲嵴㟬㟰㟱㟲㟳㟴㟵㟶㟸㟿㠏嵵嶋嶇嶄嶂嶌嵥嵷嵸嵹嵺嵻嵼嵽嵾嵿嶀嶁嶃嶅嶆嶈嶉嶊嶍㟹㟺㟻㟼㟽㟾㠀㠁㠂嶎㠃㠄𡼞嶢嶝嶐嶏嶑嶓嶔嶕嶖嶗嶘嶚嶛嶞嶟嶠嶡嶣嶤嶱㠅㠆㠇㠈㠉㠊㠋㠌㠍㠎㠐嶒嶥嶬嶮嶼嶲嶦嶧嶨嶩嶪嶫嶭嶯嶰嶳嶴嶵㠑㠒㠓㠔㠕㠖㠘㠛嶙㠗嶶𡽁𡽕嶺嶷嶽嶜嶸嶹嶻嶾㠙㠚巁嶿㠜𡽶巂巀㠝㠞㠟𡾒巄㠠㠡㠢巃巅㠣巌巉巆巇巈巊巏㠤巍巋巐㠥㠦巓巒巎巑㠧巔巕巖巗巘巚巙㠨𬚩
囗,囗𡆠𡆢四囚囙囜龱㘞㘝回因団囟囝囡团㘟𡆪図囲困囮囱囤囥囦囧囨囩囪囫囬园囯囵国固囹囷囸囻囼㘠㘡囶图圀囿㘢圃圄圅圁㘣圂𡇡𡇢圉圈國圇圊圏圍圎圌圐𡈁園圓圔圕圑圖團圗圙圚㘤圜圛㘥𡈹圝圞
女,女奴奵奶㚢好如妃妄奸妁奷她奺奻奼奾奿妀妅妆妇㚣㚤㚥㚦㚧㚨妙妨妥妊妖妓佞妝妣妍妉妋妌妎妏妐妑妒妔妕妗妘妚妜妞妟妡妢妤妦妧姂㚩㚪㚫㚬㚭㚮妠妩妪𡚽姉妹委始妻姓妬姑姐妾妲姆侫妭妮妯妰妱妳妴妵妶妷妸妺妼妽妿姀姁姃姄姅姇姈姊姌姍姎姏姒姖㚰㚱㚲㚳㚴㚵㚶㚷㚸㚹㚺㚻㚼㚽㚾㚿㛁姗㛀姿威姻娃姶姦姪姥姨姜姙姚姸姮姹姕姛姝姞姟姠姡姢姣姤姧姩姭姯姰姱姲姳姴姵姷姺姼姽姾娀娂娄㛂㛃㛄㛅㛆姘娇娈㛇㛈㛉㛊㛋㛌𡜆𡜝𡜊娘娯姫娠娩娥娟娑娜娉娚娊娋娌娍娎娏娐娒娓娔娕娖娗娙娛娝娞娡娢娣娤娦娧娨娪娫娭娮娰娱婲㛍㛎㛏㛐㛑㛒㛓㛔㛕㛖㛗㛘㛙㛚㛛㛜㛝㛞娳㛟㛡㛢㛤𡝂姬婦婚婆娼婁婀婬婉娵娶婢婪娬娷娸娹娺娻娽娾娿婂婃婄婅婇婈婊婋婍婎婏婐婑婒婓婔婕婖婗婘婙婛婝婞婟婠婡婤婥婨婩婫婭婮婯婰婱婼媌㛥㛦㛧㛨㛩㛪㛫㛬㛭姬婌婧媖婳婶𡝤𡞔婿媒媛媚嫂婜婣婷婸婹婺婻婽婾媀媂媃媄媅媆媇媈媉媊媋媍媎媏媑媓媔媕媗媘媙媜媝媞媟媠媡媣媤媥媦媧媨媩媪媬媶㛮㛯㛰㛱㛳㛴㛵㛶㛷㛸㛹㛻㛽㛾㜂㜃㜄㜒㜓媭媢㛺㛼媯婵媫媮㛲㛿㜀㜁𡞜𡞟嫁嫌嫉媼媾嫋媽嫐媿媁媐媰媱媲媳媴媵媷媸媹媻嫀嫃嫄嫅嫆嫇嫈嫊嫍嫎嫏嫟嫫㜅㜆㜇㜉㜊㜋㜌㜍㜎㜏㜐㜑媺嬅嫑嫒嫓嫔㜔嫡嫦嫣嫗嫩嫖嫕嫘嫙嫚嫛嫜嫝嫞嫠嫢嫤嫥嫧嫨嫪嫬嫭嫮嫯嫰㜈㜖㜗㜘㜙㜚㜛㜜㜝㜞㜠㜡㜢嫱嫲㜕嬉嫺嫻嬌嬋嫳嫴嫵嫶嫷嫸嫹嫼嫽嫿嬀嬁嬂嬃嬄嬆嬇嬈嬊嬍嬎嬏嬞㜣㜤㜥㜦㜧㜟㜨𡡕嬢嬖嫾嬐嬑嬒嬓嬔嬕嬗嬘嬙嬚嬛嬜嬝嬟嬠嬡嬨嬩嬳㜩㜪㜫䆯嬴㜬㜭𡢽𡣁嬰嬬嬲嬪嬶嬣嬤嬥嬦嬧嬫嬭嬮嬯嬱嬵嬺嬷嬸嬻嬼㜮㜯㜰㜱㜴嬾嬹嬽嬿㜲㜳㜵㜸𡤞孅孀孃孁孂孄孆孉㜶㜷孇孈㜹孊孋孌㜺孍孏孎㜼㜻
小,小⺌少尐尓尔尕龸当尖尗尘尚尙尛尜㝸尝𡭴𡭽尞㝹尠尟嘗㝺尡㝻
夕,夕外夗多夙夛夜夝㚉夞梦够夠夡㚊夢夥夤夣㚋㚌夦㚍
川,巜川巛州巡㠩巠㐬𡿺巢巤
大,大夨天太夫夬夭央失夲夯夰夳头㚎𡗗夷夸夶夵夹㚐夺夻夼㚏𡗤夾夽夿奀㚒㚓奁奂奇奉奔奈奄奃奅奆奋奌㚔㚕㚖㚗㚘㚙奍奏契奕奐奎奊奒㚚奓㚛𡘐套奚奘奙爽奛奜奝奞奟㚜㚝㚞𡘹奥奠奢㚟奡奤菐奣𡙇𡙕奨奧㚠奪奬奩奦奫奭奮奯奰奱奲𡚤
土,土圠圡龶𡈽圧圦圢圣圤圥㘦地在圭赱圷圸圩圪圫圬圮圯圱圲圳圴圵圶圹场𡉕坂均坊坑坐坎圻址坏㘫圼圽圾圿坁坃坄坅坆坉坋坌坍坒坓坔坕坖块坘㘧㘨㘩㘪㘬㘭㘰坈坛坜坟㘮㘯𡉻𡉴垂坪尭坤坦坩坡坿垈垉坵坢坣坥坧坨坫坭坮坯坰坱坲坳坴坶坷坸坹坺坻坼坽坾垀垁垃㘱㘲㘳㘷㘴坠垆垇垊㘵𡊮𡊙型城垣垢垓垠垤垳垪垰坬垌垍垎垏垐垑垒垕垖垗垘垙垚垛垜垞垟垡垥垦垧垨垩垬㘸㘹㘺㘻垔垝垫垮垱垲垴垵㘼㘾㘽𡋤𡋗𡋡𠫳埋埃埆埒埔埀埓埖袁垶垷垸垹垺垻垼垽垾垿埁埂埄埅埇埈埉埊埌埍埏埐埑埕埗﨏㘶㘿㙀㙁㙂㙃㙅㙄垯埘埛㙆𡌛𡋽城堂基域執培堀埼堆埴埠埜堊堋埣埳埝埞埡埢埤埥埦埧埨埩埪埫埬埭埮埯埰埱埲埵埻埽埾埿堁堃堄堇堈堉堌堍㙇㙈㙉㙊埶埸堎堏堐堒堓堔㙋㙌㙍𡌶𡍄𡌳場報堅堤塔堪堕塚塀塁堰堺堵堙堝堡堯堦㙒堗堘堚堛堜堞堠堢堣堥堧堨堩堫堬堭堮堲堳堶堷堸堹堻堼堾堿㙎㙏㙐㙑㙓㙕堟堖塂塃塄塅塆塇㙖㙗㙘𡎐塩墓塊塗塑塞填塙塘堽塋塒塢塰塡塤塉塌塍塎塏塐塓塕塖塛塜塝塠塣塥塦塧塨塻墷㙔㙙㙚㙛㙝㙞塈塪塬塭塮塯塚㙜𡏄境増墨塾塵塹墅塲塿塳塴塶塷塸塺塼塽墁墂墄墆墇墈墉墊墋墌墎墏墐墑墒墔墕墖㙠㙡㙢㙣㙤㙥墍塱墘墙墚墛塀㙟㙦墜墳墟墮墹墫墸墨增壄墝墠墡墢墣墤墥墦墧墩墪墬墭墯墰墱墲墴墵㙧㙨㙩㙪㙫㙬㙯墀㙭㙮壊壁墾壇壌壅墺墻壃墼墽墿壀壂壆壈壉㙰㙱㙲㙳㙴㙵㙶㙹壒墶壋龳𡑮𡕀𡑭壕壑壓壗壐壎壍壔壖㙷㙸㙺壙壘壏㙻㙼㙽壜壟壞壚壛壢㙾壝壠壡㙿壤壥壣壦㚀𡔁𡔈壧壨壩㚁㚂壪
干,干平𢆉年幵并幸幷幹𢆞
弓,弓引弔弖㢧弘弗弛弙弚弜㢨㢩㢪㢫𢎭弟弝弞㢬㢭弦弥弩弢弣弤弨㢮㢯㢰弡弪㢱𢏏弧弭弯弮㢲㢳㢵㢶㢴㢷𢏚弱弫弬弰弲㢸弳㢹強張弸弴弶㢺㢻㢼弾弼弽强弻㢽㢾㢿𢐀𢐅彁弿彀㣀㣁㣂彂彃彄㣃彅彈彆彉㣄彊彇彋彌㣅彍𢑆㣆𪫄彎彏
辵,辶辶辺込辷辽巡迅辻辸迈𨑕近返迎迂迄辿辵迃迀达迆过迁䢊䢋迉迟𨑒述迫迭迚迪迩运迋迓迕迒迊迍﨤这迌迏迗迳䢍䢎䢌迖远䢏𨑹送追逆退迷逃迦迢迥迯迤迮迠迣迱迨迧迲䢑迡迬䢐选逊𨒆𨒉通速連造途透逝逐逓迺逅迹迴迸逈迻适迿迵迶迾逇䢒䢓䢕䢖䢗䢔迼逦䢘週進逮逸這逗逢逑逕逞逧逡逖逋逍逎䢛逄逛逘逌递逜逥䢙䢚䢠逤逻連𨓊道運遊達過遅遇遂遍遥逵逹逶逸逬逷逳逭逪逴逨逯逩逰逽䢜䢝䢞䢟逫逸𨕫遠違遣遁逼遐遒遖遏遑逾遉遌遃遄逿遆遈䢡遀適遭遮遡遜遘遙遞遟遝遢遛遚䢢䢣䢤遳遤䢥選遺遵遷遼遯遨遦遧遬遰遪遫遱䢧䢨䢩䢦避還遶邁遲遹遻邆䢪䢫𨗈𨗉遼邂邀遽邉遴邅遾䢬䢭䢮邇邃邈䢰邊邋邌䢯䢱𨘡邍邎𨙚邏邐䢲
宀,宀㝉它宂宁宄㝊㝋安守宇宅宆㝌㝍㝎𡧃完宏宍宋宊宎宑宒㝏㝐㝑宐実定官宗宙宝宜宛宕宓宔宖㝒审室客宣宥宨宩宫㝓㝔㝕㝖家宮害容宴宰宵宦宸宬宭宯宱宷宺宼宻㝗㝘㝙㝚宲𡨄𡨀宿寄密寂寅寇寃㝡㝠宧寀寁寈㝛㝜㝝㝞㝟𭓽𡨥寒富寓寔寐寊寋寍寎寏寑寕㝢㝣寝寛寞寗寖寘寚寜㝤㝥㝦㝧㝨察寡寧寤寥寨實寢寬㝬寠寣㝩㝪審寮寫寪寭㝫㝭㝮㝯寙寰寯寱寲㝰寵寳寴寶㝱寷㝲
夂,夂夊夃冬处夅夆夋夌変夈复㚅㚆㚇夏夎夐夑夓夒夔
巾,巾帀巿币市布匝帄帅㠲㠳帆帇师㠴㠵㠶希帋帉帊帍帎㠷㠸㠹㠺㠻㠼𢁮帖帚帙帑帛帒帔帕帗帘㠽㠾㡀帓帜帝帥带帞帟帠帡帢帣帤㠿㡁㡂㡃㡄㡅㡆帰席帯師帬帩帪帮㡇㡈帨帱帳常帷帶帲帴帵帹帺㡉㡊㡋㡌㡕帼㡍㡎𢃶𢃗幅帽幄幀幇帿幁幆幈幉㡏㡐㡑㡒㡓㡔㡖帾幂㡛幕幌幃幎幊幋幍幏幐㡗㡘㡙㡚幙𢄌幗幔幑幒幓幖幘幛㡜㡝㡞㡟幣幡幟幢幤幚幜幝幞幠㡠㡡幩幥𢄹幦幧幨㡢㡣幪㡤幫幬㡥㡦幭𡚖幮幯幰𢅭幱㡧㡨𢅻㡩㡪𢅼
彡,彡㣉形彣彤㣊㣋㣌㣍彦彥修彧彨彩彫彪彬㣎彭㣏㣐彮彰彯㣑影㣒㣓彲
彳,彳㣔行彵彴㣕役彷彶彸彺彻㣖㣗径往征彼徂彿徃彽彾㣘㣙後待律徊很徇徆徉徍㣚㣛㣜㣝㣞㣟㣠徔㣡徒従徐徑徏徕徎㣢㣣𢓶得徙徘從徠㣥徖徛徜徝徟徢徣㣤㣦㣧㣨㣩復御循徨徤徥徦徧㣪㣫㣬㣭徚㣮微徭徯徰㣯徫徬徳徴徱㣰㣱㣲徹德徵徶徸徲徺㣳㣴徼徻㣵㣶徽徾㣷徿㣸忀忁㣹忂
广,广広庁庀庂庄㡯㡰㡱庅庆序床庇庈庉庋庌庍庎庐庒㡲㡳庑店底府庚庖庘庙庝㡴㡵㡶㡷㡸㡹㡺㡻废度庠㡿庛庡庢庣庤庥庰㡼㡽㡾㢀㢁㢂𢈗𢈘𢈔𢈈庫庭座庨庩庪庮庯㢃㢄㢅㢆庬㢇康庶庸庵庱庲庴庹庺㢈㢉㢊㢋㢍庳庻庿㢌𫝷廊廃廁廂庽廀廄㢎㢏庾㢐廉廈廊廅廆廇廌㢑廋廉𢊍𢊁廓廐廏廖廎廑廒廔廕廗廘㢒㢓㢔㢕廙廍廠廚廟廝廛廡廣廢廜廞廤㢖㢗㢘廨廩廥廦廧廪㢙㢚㢛㢜廫廬龐㢝廭廰廮廯㢞廱廲廳
寸,寸㝳寺寻导対寿㝴寽尀㝵専封射将尅尃㝶将尉將專尊尋尌㷉㝷𡬺對夀導
阜,阝阞䦹䦺队阡阢阤阠阣䦻防阪阮阯阨阬阱阧阫阰阩阴阥阳阦阭䦼䦽阶䧀䦿𨸟阻附阜阿陀陂阸陁阽阹阼阺阷阾陃䧁䧂䧃际陆陉𨸶𨸰𨸏限陋陌陏陔陒陊陎陑陓陕䧄䧅䧆䧇䧈院降除陛陣陥陜陝陟陞陦陘陖陗陡陙陠䦾䧉䧊䧋䧌䧍䧏陧䧎陸険陰陳陶陪隆陵陬陲陷陭陮陫陴䧑陚陯陱陹䧐䧒䧓䧔䧕䧖𨺉𬯆𨹺𨹸階陽隊随隅隈隋隍隂隆陻陿隉陼陾隄隃隀隁隇隌隐䧗䧘䧙隔隙隗隕隘隖隑隓隒﨩䧚䧛䧜䧝䧞䧟𨻫際障隠隟䧢隞隝隚䧠䧡䧣隡𨻶𨻰隤隥隢隫䧤䧥䧦䧩𨼲𨼏𨼍隣隧隨險隦隩䧧䧨䧪𨺅隰隱隲隮隯隬隭䧫䧬䧭𨽂隳𨽍隴䧮隵䧯𨼱䧰
尸,尸尺尹尼尻㞋尽㞌㞍𡰫局尾尿屁杘㞏㞎居届屈屆屄屇屉㞐㞑屋屍屎屏屌㞒㞓㞕㞖㞔𡱖展屑屓屐屒屔屖㞗屗屘屛屙屚屜屝㞘㞙属屡屠孱屟㞚㞛層屢屣㞜㞝㞞履層屧㞟屦㞠屨屩屪屫㞡屬屭
弋,弋式弐弎㢤㢥貮弑貳弒㢦
邑,阝邒邓䢳邘邗邛邙邔邖邚䢴邜邝邦那邑邨邢邟邥邠邡䢵邞邤邧邩䢶䢷邪邸邯邵邱邰邶邳邲邴邭邮邷邹䂙䢸䢹邺邻䢺郎郊郁耶郉邽郃郈邿郅郇邾郄郱郑邼郀郂郆郋郍䢼䢾䢿䣀䣁䣂郏郐𨚴𨚲郡郛郢郤郞邕郝郚郜郟郠郕郗郥郙郘郔郖郣䢻䣃䣄䣅䣆䣇郦𨛗都部郷郵郭郳郰郪郯郴䣊郫郲鄀郩郬郮䣋䣌䣍䣎邫䣐𨛺𨛳鄂都鄅鄆郾鄈鄄鄃郿郹郻鄁鄇鄉鄊䣑郸鄒郌鄕鄖鄔鄗鄏鄋鄎鄐鄌鄍鄚郼鄑䢽䣓䣔䣕鄓䣗鄙郒鄢鄥鄡鄞鄠鄣鄟鄛鄤鄜鄘鄝䣈䣘䣙䣚䣛䣜䣉鄭鄲郶鄬鄩鄯鄧鄱鄮鄦鄪鄫䣝䣞䣠鄰鄶鄴鄵鄳鄷郺鄸䣡𨞙鄹䣖䣟䣢鄺鄾鄼鄻鄽鄿鄨酀酃酁酄酅酆酇酈䣣䣤
廴,廴㢟廵廷延廸廹㢠𢌞建廻廼廽𢌨
⺍,⺍単巣営厳
廾,廾升廿开弁异弄弃弅弆㐩弇弈弉㢡弊㢣㢢彜彝彞
己,己巳已巴㠯巵巶㠰巻巷巹巺巼巸㠱巽
尢,尢⺎尤尣尥㝼尨尦尪尫尬㝽尩㝾㝿𡯑𡯒尮尯㞀㞁㞂㞃㞄㞅㞆就尰㞇㞈尲尳㞉㞊尵尶尷
幺,幺乡幻幼𢆶幽幾㡫㡬麼麽㡭𢇍㡮
屮,屮屮屯㞢屰㞣㞷𡴘𡴛
彐,彑彐刍归彔录㣇彖粛彗彘彙彚彜彛㣈彝彟彠
犬,犭犬犯犰犮犲犴犱犳犵犷状狂狄狆狃犹犺犻犼犽犾犿狁狅狇㹝㹞㹟㹠狙狗狛狎狒狀狉狋狌狍狏狑狓狔狕狖狘狚狜㹜㹡㹢㹣㹤㹥㹦㹧㹨狝狞㹩㹪独狭狩狐狢狡狠狟狣狤狥狦狧狨狪狫㹫㹬㹭㹮㹯狊狮狯狰狲㹰狽狸狼狷倏狹猂狳狴狵狶狺狻狾狿猀猁㹱㹲㹳㹴㹵㹶㹸猛猟猫猪猊猜猖猗猝猏猄猅猇猈猉猍猎猐猑猓猔猕猘猙猚猞㹷㹹㹺㹻㹼㹽㹾㹿㺀㺃猡猠猶猴猩猯猥猪猳猋猆猌猒猢猣猤猦猧猨猬猭猱猲猵猸猹㺁㺂㺄㺅猰𤟱猿献獅猷獏猾猺猻猼猽獀獁獂獆獈獉獊㺈㺊㺋㺌獇㺍獄獃獌獍獑獓獔㺉㺎㺏㺐㺑㺒㺓獐獕𤡀獗獎獋獖獙獚獛獝獞獟獠獡獢㺇㺔㺕㺖㺗㺘獒獦獤𤡱獲獣獪獨獘獜獥獧獩獫獬獴㺛㺜㺞㺚𤢖𤢍獰獮獯獱獳㺟獵獶獷㺝𤢺獺獸獹㺡㺢𤣆獻獼獽獾㺠㺣㺤㺥㺦獿玀玂玁玃㺧
手,才扌手扎龵打払扖扔扒扑扐扏㧃㧄㧅扱托扞扛扣扠扨扜扢扤扦扡扚扗扙扟扥执㧆㧇㧈扝扩扫投折技批抗抜択抑抄把扶扮扼抉找抒抓抖抃抔抛抂抎㧎扴抏抈抇扺扻扯扭抌抐扽㧊扳抆抅抍抙扵扰扲扷扸抁抋抚抝报抸㧉㧋㧌㧍抠抡抢抣护㧏㧐𢪍承招拡担拝押拠拓抵拍抱拘抽拐拒拙披抹拉拗拑抻拆拈拌拊拇抬拔拂拋㧞㧖抴抾拃抳抮拕拖抶拄抷㧙抿抦拚抨抺抭拎抧抩抪抯抰抲拞拟㧒㧔㧕拀拁拤拥拦拧拨㧚㧜㧟㧠指持拾括挟拷挑拶拭按拏挌拮拱挂拯拵拜挧拪挖拽挄挍拫㧗拴挓拸挃挏挘拼拰拹拺拻挀挅挆挊挎挒挔挕挗㧓㧡㧢㧣㧤㧥㧦㧨㧩㧪㧫㧮㧯挡挢挣挦㧝𢪸挙振捕捜挿挨拳挫捉捗挺捌挽拿挈捐捍捏捩挾捓拲㧬挐挱捙捔挶捄捃捂捁挭捆挋捒捘捎挼挻挪挩捈捅捀捊挬挴挹捋捛挮挰挳挵挷挸捇捑捖捚捤㧘㧧㧭㧲㧴㧶㧷㧸㨅挚挛挞捝捞捠换㧱㧵𢭏𢭐𢭆採授接捨推探掘描掛掲控措掃排据捻掩掴掬捲捷掻捺捧掠掖掎掀掫捶掏掉掟捫掵捴挲掗捱掝捦掜掮掆掐掯掍掞掙捽捼㧻掁掦掇捵掂掭㧺捸捭掤捬掊掕掚掄捥捿捪捯捰捳捹捾掅掋掑掓掿㧳㧹㧼㧽㧾㧿㨀㨁㨂㨃㨄㨆掳掶掹掺㨈𢰝𢮦𢭤提揮握援換掌揚揺搭揖揃掣掾揩揀揆揣揉揶揄搜插揭揔揷揑揠揜揢揵揈揸揌揓揪揲揳㨎揎揕揥揁揨揬揹掽搽㨔掰掱揂揇揊揋揍揗揘揙揝揞揟揤揦揯揰揾搑㨇㨉㨊㨋㨏㨐㨒㨓㨕㨚搁搅㨗掷掸揻揼搀搂搃搄㨑㨘𢰤𢯮損搬携搾摂摸搆搦搶搓搗搏搨搖搔掔揫揱揅摃摉搹搕搵搉搞搰搠搘搢搊搧㨛搋㨖搐搥搌搷搯搪搣搒搤搚揧搇搈搎搙搛搝搟搡搮搱搳搸搼摀摁㨍㨙㨜㨝㨞㨟㨠㨡㨢㨣㨤㨥㨦㨧㨨㨪㨲摄摅摆摇摈摊撶㨌㨩㨬𢱢摘摺搴摶摧摎摑摠搿摹㨯㩀搩摡摜摳摋摻摏摭摐摷摔摣摕摛摴摚摽㨽摒摓摞摙摟摝搫搲搻摌摍摖摗摢摤摥摪摫摬摱摲摵摾摿撁撂㨭㨮㨰㨱㨳㨴㨵㨶㨷㨸㨹㨺㨾㨿㩁㩂撃撮撤撲摩摯撹撒撰撞撚播撫撓撥撕撩撈㩃摰撘撎撊撝撌撟撬撳撠撅撦撜撨撏撙撣撐撑㩉㩌撇㩎擏撡摦摨摮摼撀撋撔撖撗撧撪撯撱撴擆擖擛㨻㨼㩄㩅㩆㩇㩈㩊㩍撵撷撢撺㩏㩐㩑操擁擒撼擅撻擂據擇擔擎擑擕擄撛擐擀撽撿擌擉撾擋擗擭撆撉擃擈擓擙㩋㩒㩔㩕㩖㩗㩙㩚擜擝擞㩘擦擬擢擘擱擠擡擣擯擧擤擊擫撍擩擰擟擨擮攃㩓㩛㩝㩞㩢㩟𢷡擾擲擺擽攅擴擶擵擪㩜攂擷擻攄擿㩧㩠攁擸擳擹擼攆㩡㩣㩤㩥㩦㩨㩩㩪㩫攀擥攊攉攌攈攐攏攑攇攋攍攎㩬㩭㩰攘攖攓攙攕攔㩮攗㩯㩲攚攜攝攛㩳㩱㩴𢹰攤攢攡攟攞攦攠攧攪攣攫攩攥㩵㩶㩷攭攬攮㩸㩹攨
水,氵水㲸氷永汁氾汀氶氹氺氻氿汃汄汅㲹㲺㲼汇汈𣱿池汚汗江汎汝汐汕汢氼氽汊汋汌汍汏汑汒汓汔汘汙汛汜污汷㲻㲽汆汣汽決求沢沖沈没沙汰沃汲沌汞汪沍沚沁汨沂沐泛沛汾汳沒沪㳄汥汦汩汫汮汯汱汴汵汸汹汻汼汿沄沅沆沇沉沋沎沏沑沔沕沘沜沞沟㲾㳀㳁㳂㳃㳅㳆㳈㳊汭汶沠汖沣沤沥沦沧㳇㳉泳注波油泣治法河沿況沼泊泌泥沸泡沓沫泓泗沽沮泝泄泅沱泪泯沾泱沺泙汬沀沊沝沬沭沰沲沴沵沶泀泂泃泆泇泈泋泍泎泏泐泑泔泖泘泜泞泟泠泤泦泩泫泬泭泮泲洰㳋㳌㳍㳎㳏㳐㳑㳒沷泧泻泸泹泼泾㳓㳔㳕海活洋浅泉洗派洪浄津洞洩洲洛洸洽洌洟洶洵洒洫洙洳泴泚泵泿洀洁洂洃洄洅洆洇洈洉洊洎洏洐洑洓洔洕洘洝洠洡洢洣洤洦洧洨洬洭洮洱洷洹洺洼洿浀浂浃浊㳖㳘㳙㳚㳜㳞汧沗泒沯泶浉浌浍浏浐浓浔浕㳝㳢㳣𣴀消流浴浸浜浮涙浪泰浦浩涛涜涌浬浣浙涕涓浹浚涅涎浤海涉洖洚洜洯浖浗浘浛浝浞浟浠浡浢浥浧浨浫浭浯浰浱浲浳浵浶浺浻浼浽浾浿涀涁涂涃涄涆涇涊涋涍涏涑涒涔涖涗涘润淓淽㳥㳦㳧㳩㳪㳬㳭㳮㳯㳸㳤㴀㴄涠浆涐涚涝涞涣涤涥涩㳠㳨㳰㳱㳲㳳𣵀𪶉深清液混済淡添涯渇渓渋淑渉涼淫淳渚淀淘淋淹淬淒涵涸淅淙淆淪淌淤渕渊淇淦淞淨淺淕淮渮淚洍涪涫涬涭涮涰涱涳涴涶涷涹涺涻涽涾淁淂淄淈淉淍淎淏淐淔淖淗淛淜淝淟淠淢淣淥淧淩淭淯淰淲淴淶淸淿渀渁渂渃渄渆渒渗渵㳴㳵㳶㳷㳹㳺㳻㳽㳾㳿㴁㴂㴃㴆㴈㴉㴊㴕洴淊渶㳟涿淃渑渌渏渖㳫㴋㴌㴍㴎𣳾𣶏𣷹𣷺𣷓𣷤𣵺𣵿𣷞温湖港湯満減測渡湿湾渦滋湧渥淵渠湘湊湛溌渙渣湲渭湮湫渾湍渺渫游溂渟湎渝湃湟湶渤渚渴湌㴑淼淾渘渜渞渢渨渪渰渱渲渷渹渻渼渽渿湀湁湂湄湅湆湇湈湉湏湐湑湒湓湔湕湗湙湚湜湝湞湠湡湢湣湤湥湦湨湩湪湭湰湱湳湵湷湸湺湻湽溚㳛㳼㴅㴇㴏㴐㴒㴓㴔㴖㴗㴘㴙㴚㴜㴠渧渳湴湼㴞溈湹溁溄溅溆溇溊溋㴟㴡㴢㴣㴤𣹌𣸏滋漢準源溶滑滞滝滅溝漠溺溢溜溯滉溽滄溏溥溷滔滂溘溟溲滓溪溫滙湋湬溉溍溎溑溒溔溕溗溙溞溠溡溣溤溦溧溨溩溬溭溮溰溱溳溴溵溸溹溻溼溾滀滁滃滆滇滈滊滍滏滒滖滗滘滚滜滣澕㴝㴥㴦㴧㴨㴩㴪㴫㴬㴭㴮㴯㴰㴱㴲㴳㴴㴵㴶㴷㴸㵁溓溿滛漭㴛滟滠滢滤滦滧滩㴹㴺㴻𣹝𣹢漁演滴漫漂漏漆漸漬潅漕漣漉滾漲滬滸漱漾滲漓滷滌滿滯漢漥溛滎滐滫滭滮滰滳滵滶滹滺滻滼滽漃漄漅漇漈漊漌漍漎漒漖漗漘漙漚漛漜漝漞漟漡漤漧漩漪漮漯漰漴漵漶漷漹漺漼潀潂潃潄潩㴼㴽㴾㴿㵀㵂㵃㵄㵅㵆㵏漨漳漻滱潆潇潈潉潊潌㵇㵈㵉潔潮澄潤潜潟潰漑澗潴澂漿滕潸潘澎潺潭澆潯潦濆潁澁潼澑澍潑㵎漀漋漐漦漽潎潏潐潒潓潕潖潗潙潝潠潡潢潣潥潧潨潪潫潬潱潲潳潵潶潷潹潻潽潿澅澇澈澉澊澋澌澏澐澒澓澔澖濍㵊㵋㵌㵍㵐㵑㵒㵓㵔㵕㵖㵩澘㵧澚澫澙澝㵙㵚㵛㵜𣽾𣽎激濁濃澱澡澪澣澹澳濛澤濂潚潞澃澞澟澢澥澦澧澨澬澭澮澯澰澲澴澵澶澷澸澺澻澼澽澿濅濇濉濊濋濎濏濐濗濭㵗㵘㵝㵞㵟㵠㵡㵢㵣㵤㵥㵦㵪㵫㵬㵭㵮㵰㵹潾澠澾濄濈濨濩濓濸𣿍𣾩濯濠濡濤濶濬濘濔濮濱濕濟澀潛澩濌濖濙濚濜濝濞濢濣濥濦濧濰濴濿瀎㵨㵯㵱㵳㵵㵶㵷㵸㵺㵻㵼濪濲濵𤀥濫瀋濺瀁瀏瀉瀑濾瀆濷濻濼濽瀀瀂瀃瀄瀅瀈瀊瀌瀍瀒瀔㵲㵴㵽㵿㶁濹瀇瀐瀓㵾㶀㶂㶃𤂖瀬瀞瀦瀕瀚瀛瀝瀟瀘瀧濳瀨瀖瀗瀙瀜瀠瀣瀤瀥瀩瀫瀳㶄㶅㶆㶇㶈瀡瀢瀭瀮㶊㶋灌瀾瀲瀰瀪瀯瀱瀴瀵瀸瀹瀺瀻瀼瀽瀿灀㶌㶍㶎㶏瀷灁㶐㶑𤄃𤃸瀶灂灃灄灅灆灇灈灉灋灍灐㶒㶔㶘灊㶓㶕灘灑灔灒灕灖灗㶖㶗㶚㶛㶙灓灙灚灛灡㶜灜㶝灝灞灟㶞㶟灣灠灢灎灤灦㶠灥灧灨灩灪
心,忄心㣺忆必忉忇忊忙忖㣼忋忓忔忕忈忏忚㣻㣾㣿忛応快志忘忌忍忻忤忸忱忰忐忑忒㤀忟忨忯忣忺忼忶忮忪忲忡忳忭忬忷㤇忎忦忧忴忹忾怀㣽㤃㤄㤆㤈㤉㤊㤋怃怄怆𢗜念性忠怖怪怯忽怜忝忿怡怙怩怛怕怫怦怏怺怐㤁忞㤂忩㤅怴怇怳怍怵怚怔怊怗怟怓怢怭怲怞忢忥怈怉怋怌怑怬怮怰怶㤌㤏㤑㤒㤓㤔㤕㤖态怂怽怾㤘𪫧𢗰𢗬急恒怒悔恨怠怨思恢恰怎怱恪恟恊恍恃恤恂恬恫恠恆怘怤㤗㤬㤐恗恛㤥恑恇㤚恔恀恉㤞恌恈恅恱恾恡恓恲怣怷怸怹恄恎恘恜恞恦恮㤍㤎㤙㤛㤜㤝㤡㤢㤤㤦㤧㤨总怼恸恹恺恼㤭𢘑息恩恐恵恥悩恋悦悟恭恣恕悌恚恁恙悁悍悃悚悄悛悖悒悧悋恷悗悔恖恝恧悑㤩悅悈悕㤯悞悎悇悂悀悝悢㤣悓恏恳恴悏悙悜悮㤟㤠㤪㤫㤱㤳㤴㤶㤷㤸㤹㤺㤼㤽𢙄𢙣𢙿悪情惨惜患悼悠惧惟惚悉惇悸惓悴悽惆悵惘悤悘您悊悆恿悺㥃㤵悥㤰惐惈惂㥛悾悻惛惝悰惔惕悐惙㥏悱惏惊㥄惀悷惋惞悡悿惃惍惗惤惦愥㤮㤲㤻㤾㤿㥀㥂㥅㥆㥇㥉㥊㥌㥍㥒㥓㥔悫悬惬㥗㥘㥙𢚈𢚩悲惑慌惰愉惹惣悶愕惶愀惴惺愃惻愎惠悳惡愡惱悹惎惢惉惄惥愘愑惽㥫愔惲愅愒愌愜㥥惸愢愖愞惾惵愓愊惼愐愠愺惮惁惌惒惖惩惪惿愄愋愝愣㥁㥈㥋㥎㥐㥑㥕㥖㥚㥜㥝㥞㥟㥠㥡㥢㥧㥩惫㥪𢛳𢛪𢜩意感想愛慎慨愚慈愁慄愈愆惷愍慍愾愧慊愴愽愼愗愙愂愹㥱愇㥦愪愷慉愶愰愲愫慅㥮愵慆愯愩愭愮愱慀慃慏慔㥣㥤㥨㥬㥭㥰㥳㥴㥵㥺㥾㦊䏋慑慣態慢憎慕慇愨愿愬慂慷慚慴慥慟慝慓慵慘慱慯㥯慁慽㦅憁慬慻慠慞憏慲憀慺愳愸愻慒慖慛慡慩慪憆㥲㥶㥷㥸㥹㥼㥽㦀㦃㦆㦇慐㥻㦈𢞰慮慰憂慶憤憬憧慧慾慳慙慫憔憚憫憮憇憎慤慹慼慸憄憃慜憘憞慿㦍憜慨憒憪憍憢憓憰憱憟憛憭懂慗慦慭憅憈憉憕憡憣憦憳憽㥿㦁㦂㦄㦉㦋㦎㦏㦐㦑㦒㦓㦕㦖𢠲𢡗憲憶憩懐憾憐憖憊憑懌懊懈懆憺懍憙憨憗憠憝憋憥憼㦔懙懅憿懁懏憴憸憷懎憹懔懀㦜懞憌憻懄懓㦌㦗㦙𢡛憲𢣏懇懃懋懦應懨㦛憯懝懠懧懤懡懜懱憵懗懚懛㦘㦠𢢫懲懣懴懕懘懟懭懥懪懮懩懢懰懵懖懫㦚㦝㦞㦟㦡㦢懳懶懷懲懬懯㦧懻㦥㦦懸懺懽㦤懹㦣㦨㦩㦪懾懼懿戂㦫㦬戀戁戄戃戅戆㦭戇
艸,艹䒑艹艹龷艾艽芁艿芀艻艼䒒䒓䒔𦫿芋芝艸芍芒芉芄芑芎芐芓䒕芊芖芏芇芃芅芕䒖䒗䒘芌芗䒙𦬆花芸芳芯芥苅芹芭芙芫芟芬芦芈芛芺芲芪芰芨芩芵芡芤芷芿苆芮芧芚芘芣芾芴芠芼芜芞芢芶苀苁苂苃苄茾䒚䒛䒜䒝䒞䒟䒠䒡䒣䒤䒥䒦䒢苈苉苊苍苎芽苦英芽若茂苗茎苛苑茄苫苒苔苧茅苓苡苳茉苜苻苣范苞苙苟苹茆苴苺苢苷苘茁茋茌苕苐苨苶茇苤苾苠茀苪苯苚苭茊苝苩苬苮苰苲苵苸苼苿䒧䒨䒪䒬䒭苖䒩䒫茐茓茔茕䒯䒮草茶荒荘茨荊茸荏茜茴茯茱荀荅茲茹茵荐茗茘茫莽茖荆荕茍苽䒾茟荢荄䒷荁荍茥茭荇茩茳茛茈茡茬茺茙荗茮荃荎茽荑茼茷荂䒽荔茢荖荚茰芔茚茠茤茪茿荋荌䒰䒲䒴䒵䒸䒺䒻䒼茦茧䒱䒶䓁䒹茒荜荞荟荥荦荧荨荩荪荮䓀䒿𦯒荷華莞荻莵莫莱莓莚莢莪莟莎莅芻茣莨荳莠荼荵莉莖莇莊羐莕荈莧莃莍莒莙莄䓔莝莘茞莀荽荾荿莦莌莜莛荰莆莩莬莂莔荸茝荱荲荴荶荹荺莁莈莋莏莐莗莡莥莮莯莻䓂䓃䓄䓅䓆䓇䓈䓉䓊䓋䓍䓎䓏䓑䓒莑莤䓌䓐䓓荙荫莣莰获莸莹䓖𦰩𦯶𦯠𦮾𦮶菜著菓菊菌萎菅菖萄菩萌萠菱菽萢菠菎菴菲萃萍菫菁菘萓萋菷萇菻萊萗菭菀菸菏菡萈萁萙菤菇莿菆菨萑菥菹萐萏菼菂菾菪菝萉菔荓萆菢菶菵莾菉䓞菑萕萅菃菄菈菋菍菕菗菙菚菛菞菦菧菬菮菺菿萀萂萒萔萘萟营䓗䓘䓙䓚䓛䓜䓝䓟䓠䓡䓢䓣䓤䓥䓧䓪䓭菒菳萞䓦萖萛萜萝萡萣萦萧䓬䓫䓩䓨䓕𦱳𦲭𦰷𦰴𦱨𦱀葉落葬葛萱葵韮菰萩葺葱菟董葡葎葢萼葩葷萸萵葯葭葆蒂葫萬葹葮蒄萪著茻葊葅葳葜萿葀葌菣葪萲葟葒葓葈葸葘葇蒁葙葚葰葠葴蒅莭葏葥葄塟葼葤葶葖葞萯葍葐萹葑葧葽蒍菐萭萮萰萳萴萶萷萺萾葂葃葋葔葕葝葨葲葾葿蒀蒃蒊䓮䓯䓰䓳䓴䓶䓷䓸䓹䓻萫萻葁葻䓲䓵䓺萨蒆蒈蒌蒎蒏𦳝𦳩𦴞𦳋蒸蓄蓋葦蓑蒜蒔蒐蒋蒼蒲蒙蓉蓮蒭蒿蓙蒟蓖蒡蓍蓆蒹蓁蓐蒻蓊蓚䔍蒞䓿蓡蒕蒽蒯蒦䔈蓇蓌䔋蒴蒒蒺蒓蒠蒨蒩蓀蒧蓎蓜蓓蒪蒱蓂蒾蒗蓈蒑蒖蒘蒚蒛蒝蒢蒣蒤蒥蒫蒬蒮蒰蒳蒵蒶蒷蓃蓒蓔蓕蓘蓞䓱䓼䓽䓾䔀䔁䔂䔃䔄䔅䔇䔉䔌蓅䔆䔊蓗蓛蓤蓥𦵯𦶈𦶂𦵭蔑蔚蔭蔦蔓蔀蓬蓼蔗蔔蔡蔘蔟蓴蓿蔕蔆蔣蔴蔐蓳䔖蔳蔫蓲蔊蔇蔃蓺蔲蔜蔛蓰蓻蔠蓯蔧蔎蔪蔥蔌蓷蓨蓧蔯蓪蔢蓽蔤蔈蓱蓩蔂蔞蔶䔥蓭蓵蓶蓸蓾蔁蔄蔅蔉蔋蔍蔏蔖蔙蔝蔨蔩蔮蔰蔱蔻䔎䔐䔑䔒䔓䔔䔕䔗䔘䔙䔚䔛䔜䔞䔟䔠䔡䔢䔣䔧䔪䔬䕄蓫蔒䔏䔤蓠蓢蔷蔸䔫䔩䔨䔦蓮𦹀𦹥𦸶𦺇𦸐𦸖蔵蔽蕎蕨蕉蕊蕋蕩蕃蕪蔬蕘蕕蕁蕈蕀蕚蕐蓏䕃蔿蕓蕑蕳䕀蕢蕖蕙蕞蕠蕤蕝蕏蕆蕫蕟蕒蕜蔾蕡蕯蓹蕂蕄蕅蕇蕌蕍蕔蕛蕥蕦蕧蕮䔝䔭䔮䔯䔰䔱䔲䔳䔴䔶䔷䔸䔹䔺䔽䔾䔿䕁蕬蕰䔵䔻蕱蕴蕵𦺔𦸺𦺋𦺆薬薪薄薫薦薗薮薙蕗蕣薊蕷蕾薔薨薀薑薜薛薈薇薐薤蕭蕿薎薆薁蕸薖薢薌蕻薧薅蕼薋蕺薥薓薝薘蕽薠薭蕹薏薟﨟薉藇蕶薂薃薍薒薚薞薡薣䕅䕆䕇䕈䕉䕊䕋䕍䕎䕏䕑䕝薕䕌龩蕲䕂𦾔𦿸𦽅𦼿𦼰藁薩薯藉薹薺藐薰薳薿藑薾薷薽藎薱藋薼薴薸藊薻薲藀藃藄藅藆藈藌藒䕒䕓䕔䕖䕗䕘䕙䕚䕛䕣薵薶藂䔼䕜䕕䕐𦿶𦿷𦾽𦿚𦿐藩藤藍藪藕藜藝藥藏藡藳藙藭藠藚藨藦藘䕡藟藗藛藢藣藧藫藬藯藰藱䕠䕢䕤䕥藴䕞藔藞藲藵藻藷蘇蘂蘭蘊藾蘢藺藹蘋蘆蘓蘎藼蘐蘍䕨藿蘄蘁蘅蘀蘑蘉䕲藶蘒藖藮藸藽蘃蘈蘏䕟䕦䕧䕩䕪䕬䕭䕮䕰䕱蘔𧂭𧂖𧂒蘗蘖蘚蘯蘰蘜蘛蘡蘙蘤蘧蘘蘩䕷蘦蘞蘌蘕蘟蘠蘣蘥蘨蘪蘮䕫䕯䕳䕴䕵䕶蘝蘭𧃴𧃘𧃒蘶蘫蘬蘲蘳蘴蘵䕸䕹䕺蘷𧄍𧄎𧄝蘿虀蘽蘹蘸蘼蘺蘱蘻蘾䕻䕼𧄹虃虇䕽䕾虁虄虅𧅰虈䖀虉虆虂蘒䖃𧅲䕿䖁虊䖂䖄䖅䖆虌虋䖇𧆘
火,火灬灭灯灰灮灱灲灳㶡㶢災灸灼灶灴灹灺灻灾㶣㶤㶥灷灿炎炊炉炙炒炗炛炂炃炄炅炆炇炈炋炌炍炏炐炑炓炔炕炖炘炚㶦㶧㶨炁炝炞㶩㶪点炭為炸炮炬炳炯炷炟炠炡炢炣炤炥炦炧炨炩炪炫炰炱炲炴炵炶炻㶬㶭㶮㶯㶰㶱炽炾炿烀烂烃㶫㶲𤇆𤇡烈烏烟烋烝烙烄烅烆烇烉烊烌烍烎烐烑烒烓烔烕烖烗烘烚烛烜烞烠烡烢烣烤烬热烵缹㶳㶴㶵烨烩烪烮㶶㶷㶸𤇾𭴣焔烹烱焉烽烯烰烲烳烴烶烷烸烺烻烼烾烿焀焁焂焃焄焅焆焇焈焊焋焌焍焎焘㶹㶺㶻㶼㶾㶿㷀焏焫烥焐焑焒焓焕焗㷁焼然無煮焦焚焜焙焰焠焛焝焞焟焢焣焤焥焧焨焩焪焬焭焮焯焱焲焳焴焵焷焸焺焻焽煐㷃㷄㷅㷆㷇㷈㷊㷋焹焾焿煀㷌㷍照煙煩煎煤煉煥煢煌煬煖煦煮煁煂煃煄煅煆煇煈煊煋煍煏煑煓煔煗煘煚煜煝煞煟煠煡煣煨煪煫煭煯煰煱煲煳煴㮡㷂㷎㷏㷐㷑㷒㷓㷕㷘㷙㷔煵煶煷煸㷗㷚㷛㷜㷝㷞𤋅𤊶𤋄熊煽熔熕熄煕熏煛煹煻煼煾煿熀熁熂熅熆熇熉熋熌熍熎熐熑熒熓㷡㷢㷣㷤㷥㷦㷬煺熖㷟煒燁熗熘㷧㷨㷪熱熟勲熨熙熈熬熃熚熛熜熝熠熡熣熤熦熧熩熪熫熭熮熯熰熲熼㷠㷫㷮㷯㷰㷹熢熥熳㷭㷱熴熵龦㷩㷲𤌑𤎌燃燕熹熾燉燔燗燎燈燒熞熶熷熺熻燀燄燅燆燇燊燋燍燏燑燖燘燙燚燜燤燪㷳㷴㷵㷶㷷㷸㷻㷼熿燂燌燝燞㷺㷽𤎼𤎝𤎡𤎥𤎭燥燦燭燐燮燵燧燠燬營熽燡燢燣燨燩燫燯燰燱燲燳燴㷾㷿㸀㸁㸂燶燷燹燿燼燻熸燛燸燺燽燾爀爃爄㸄爇爗𤐫爆爍爁爂爅爈爊爌爑爕㸅㸉爉爎㸆㸇𤑺爐㸋爋爏爒爓爔爖㸈㸊爘㸌𤒀爛爙爚㸍爟爜爝爞爠爡㸎爢㸏㸐爣爤爥爦㸑爧爨爩
气,气氕気氖氘氙氚氛氜氝㲴氟氞氠氡氢氣氤氥氦氧氨氪氫㲵氬氭氮氯氰氱氲氳㲶㲷
木,木朩𣎳𣎴本札末未朮术朰㝳机朽朱朴朿朸朶杁朷朻朵朾朳朼朲朹㭁杂村来材束条杉杏杓杖杜杢李杙杣杠杞杆杤杝杅杇杌杈杍杦杄杔杕杗杊杋杒杚杛㭂㭃㭄㭉杧㭅㭆𣏓𣏒𣏐林東板果松枝枚杯枢析枠枕杭杵杷枇杲杳枌枉枋枡杪杼枅杰枩枦枍杹枙枒极杴杬枑构枊杫杸枀枘枛杻杶枓杮柉枎枖枏枆杺杽枂枃枈枞枟枣枬㭇㭈㭊㭋㭌枔枤枥枪㭍㭎㭐𣏤𣏕𣏚𣏟𣏖𣏼柱栄査染枯柔柄架某柳柿柵栃柑柘柊柁栂柏柾柚枴柯枷柤柞柩柮柬枳柢柎柝枹枸柆䒳柗柂荣枻栐柍枿柜枵柙栅柹枲枱柶㭒柅柒柷柛柟柰柦柈柀柲枰柼枼栁柃桒栀柠枮枺枾柇柋柌柕柖柣查柨柪柫柭柸㭑㭓㭔㭕䂞柺栆标栉栌栍树㭖㭗校根案梅桜格株桃桑核栽桟栓桁桧桓桔桂柴栖栴桐栗栩栞桙框桎栲栫桍栢柧档栰栧柡枽桉栘桋栯桅桛栝桕栱栔桊桄桚栨栭栮栒栬桗桌栻栚栿栵栳栟桘桩栾栛栜栠栣栤栦栶样栺桇桏桖㭘㭙㭚㭛㭜㭝㭞㭟㭠㭡㭢栥桞桤桥桦桨桪㭥㭦㭧𣑊𣑑𣑋𣑥𫞉鿄械巣梗梨梧梱梓梢梯桶梼梶椛梁桿桝桀梳桷梭梔梵桴梟梠梺梏梛梃條梹梍桾梅梥桮桺桰栙梬㭷梡梂梜梮桱梘桫梻桼梣梫桵梲桯梴梪梖梐㭭梚桻梆梈桲梸梩桹棻㭨梙梄栕桬桭桳桸桽梀梇梉梊梋梌梎梑梒梕梞梤梷棁椘㭩㭪㭫㭬㭮㭯㭱㭲梽梾棂㭳㭵㭶𬂲森植極検棒棋棺棚棟椅椎椙棲棉椋椀棊棘椏椁棗棠椈椄棕椒椚棍棹棣椢椥棔棧棯椨椪椣椡椦棡椌棆棅棞棃棭棪棜棵椐椇棨棬棝椃棌棤棸棰棈椊椓椆棽椗㮇棖棏棷棑椧棥棐棼椑棓椖棫棶棱棙楛楉㮈﨓㮊棇棎棛棢棦棳棴棾棿椂椕楧㭰㭹㭺㭻㭼㭽㭾㭿㮀㮁㮂㮃㮄㮅㮆椔㭸椞椤椩椬椮㮉𣓤𣕚楽業棄楼楷楢楯楚楕椴椿楠楳楓楊椶楹椰楸楫楮椽楾榁楔楡楝椹楞楙楴楜楪榆椉㮍㮎㮚楲椸楀椻椵楿椷楬楗楥楦楻楎楂楒楺楈楶㮞㮕楤楱㮏楨楟楣榀椱楅楩楘楰楆椳槆棩椯椺椼椾楁楃楄楇楋楌楍楏楐楑榅榙榵㮋㮌㮐㮑㮒㮓㮔㮖㮗㮘㮙㮛㮜㮟㮱楖椫椭榃榇榈榉㮠㮢榋榌𣗄𣖔𣔳様構模概榎樺榊榛槙槍槌槓槁槎榻寨槐榧榾榴榑榜槊榕榔槃榱槇榮榿槝槞樮榠榲槔槈榘㮤㮵槕槑榟榬榷槅槏榦槀榥榼榖榨㮶榰榯榹榭榒榫榺㮨榍榡㮴榸榓槗槖槜﨔椲榏榐榗榝榞榢榣榩榪榳榶榽槂槄槉槒樥㮝㮥㮦㮧㮩㮪㮫㮬㮭㮯㮰㮲㮳㮷㮹㮺㮻槚㮮㮸㮣㮼㮽榚槟槡横標権槽槻樟樗樋槹槲槭樊槧槿樅樛樔樒槨樂樞槫樣樓樌樢槼㯃樬槶槵槣槷槴樝槯樧槢槳㯍槮槥樕樰樤樀樁槾槰樠槱樑樏樃樚樯樐榤槦槸槺樄樆樇樈樉樍樎樖樘樜樦橗㮿㯀㯁㯂㯄㯅㯆㯇㯈㯉㯊㯋㯌㯎㯏㯜㯠㯣槤㮾㯑㯒樭𣘹𣙇𣘸𣘺𣘯𣙙𣚥橋機樹樫橘樵橡樽橢橄橙樸橇橦橈檠橲樶橸橫㯐槪槩樼橊橰橒樾橌橺樻橛橜樲樴樳橤樨樿橪橧橐橝橱橁橖橕橳橎橆橅橑㯳槬樷橀橂橃橍橏橔橞橠橣橥橨橩橭橮橯檧㯓㯔㯕㯖㯗㯘㯙㯚㯛㯟㯡㯢㯤㯥㯦燓㯧㯨㯩㯵橴橵橶橷橻橼𣜿𣜜𣚙檜橿檎檀檣檐檄檗檬檪檍檢橓㯰檝檏橉檃檟檞檓檥檋檕檆橾橚檇檛檡檉檔檘檑檁檩檴㯭橽檂檅檈檊檌檒檙檚檤檦㯝㯪㯫㯮㯱㯲㯶檖檨㯬㯞㯴㯼𣜌𣚀𣚁𣜡𣜣檮櫁檸櫃櫂檳檱櫉檿櫆檾檵檫檯檽檰櫔櫈橬檭檲檶檷檹檺檼櫀櫄櫅櫇櫒櫗櫙櫣㯯㯷㯸㯻㯽㯹櫊𣝣𣝤𣝼𣝎𣝕麓櫛櫓櫟檻櫚櫞櫑櫥櫜櫍櫏櫤櫝櫌櫖櫐櫕櫋櫘櫠櫡櫢㯺㯿㰀㰁㰂㰃㰄㰆櫎㯾㰅㰇㰈櫦櫵𣞛𣝙𣞗欄櫨櫪櫱㰏㰎櫰櫧櫬櫲櫳㰍欂櫩櫫櫭櫮櫯櫴櫶櫹㰉㰊㰋㰌㰐㰑㰒㰕櫸櫷𣟿𣟧𣟅欅櫺櫻權欄櫽欃欀櫼櫾櫿欁㰓㰔㰖欍𣠔欋欇欆欉欈欌㰗㰘㰛𣠤欒欑欏欐㰙㰚欎㰜𣠽𣠿欓欗欔欕𣡍欝欘欛欙欚欖欜欟欞𣡼𣡾𣡽
止,止龰正𣥄𠂛此㱏步㱐㱑歩武歧歨歪歫㱒㱓㱔歬歭㱕歮㱖𣥻歳歲歱歴歰㱗歵歶歷歸㱘
日,日⺜旧旦曱早旨旬旭㬰旪旫旮旯旱旳㫖旰旴旲旵时㫒㫓㫔㫕㫗㿝旷明昔易昇昆旺昂昏昌杲昊昃杳旻昀昖昕昑昍昈旿昒㫚昄旼昉昘旾旹旽昁昅昐昗欥㫘㫙昋㸓春星昼昭昨映是昧昜昴昶昵昿㫟昻昦昬昹昱昫昡昝昰昮昚昣㫤昳昩昲昺昞昪昢昤昛昸㫛㫝㫞㫡㫢㫠显㫜㫣時晃晒晋晟晁晏晄晉㫪晐晈晑晆晅晎晊晌晀晍㫥㫧㫨㫩㫫㫬晇晔㫭㫮晦晞晤晧晨晢晝晚晣晥曻晠晗晘晛晜晙晡㫰㫯㫱㫲㫳㫴𣇄𣇃𣆺晴暑景晩普晶暁智晰暃暎晳晻晹晼暀晷晵晬晭晿晱晫晪晾晲晽㫵㫶㫸㫹㫺㫻㫼㫽㫷晴㫾㫿㬀𣇵𣆶暗暖暇暈暉暘暄暑暒暍暌暙㬉晸暋㬅暆暊暏暓暔暕㬁㬂㬃㬆㬇㬋㬌㬒㷖㬊暅㬄暮暦暢曄暝暤暜暐暟㬎暠暛暱曅暚暞暡暣暥暯朄㬍㬏㬐㬈暧暴暫暭暵暲暬暨暩暪暰暶暷㬓㬔暳㬑㬕㬖曇暾暹曁曉暸暼曆㬜曀暿暻曂曌曃㬚曈曊曔暺曋曍朆㬗㬙㬛㬞㬝㬟曖曙曚曐曎曏曒㬠㬢暽曑曓曕曗㬘㬡㬲㬦龧曜㬥㬤曛曘曞㬣㬨曝曠曡曟㬩㬪曢曦曣曨曤曥曧㬫曩朇㬬㬭曬曫曪㬮㬯曮曭曯
文,文㪯斊斋㪰斍斏斑斐斌斒㪱辬斔斕斖
欠,欠次㰝㰞𣢆欧欣欤欥欦㰟㰠㰡㰢㰤㰦欨欩欪㰥㰧㰨欬欯欮欱欭欰㰣㰩㰪㰫㰬㰭欲欸欷欵欫欶欳欴㰮㰯㰰㰱欺款欽欹欿欻欼㰲㰳㰴㰵㰶㰸歇歃㰹歆歂歀歁歄歅歈㰺㰻㰼㰽㰾𣣨歌歉㱁歋歍歊㰿㱀𣣷歓歎歐㱃歒歏歑㱂𣤋歔歙歖歘歕㱄㱅歚歟歛歝歜歗㱆㱇㱈㱉歞歠㱊㱋歡㱌㱍㱎
牛,牛牜⺧牝牟牞㸨牡牢牠牣㸩㸪牤物牧牥牦牨牪牫牬㸫㸬㸭㸮㸯𤘩牲牴牭牮牯牰牱牳㸰㸱㸲㸳牵㸴𤘿特牶牷牸㸵㸶㸷㸸牺牽牾犁牻牼牿㸹㸺㸻㸼㸽㸾㸿㹀犀犂犇犃犄犅犆犈犉㹁㹃犋犌犍犎犏犐犑㹂㹅㹆㹇㹈𤚥犒犖犓犔犕㹄㹉㹊㹋犗犘犙犚犛㹌㹍㹎㹏㹐犟犜犝犞㹑㹒㹓犠㹔㹕㹖犡㹗㹘犢犣犤犥犦㹙犧犨㹚犩㹛犪犫
攵,攵攴攷收改攻孜攸攺攼㩿㪀放攽㪁㪂故政畋敂敁敃敄㪅敀㪃㪄㪆敏效敇敉敆敊㪇㪈㪉䍩敋𢼤𢼝教救敗敖敕敍敘敏敔敎敐敒敓㪍㪊㪋㪌㪎敚散敬敢敦敞敝敧敜敠敟敩敡敤敥㪏㪐㪑㪒㪓㪔㪕㪖㪗㪘㪚敨敪㪙数㪟敫敭敮敯㪛㪝㪞㪜敲㪣敱敳㪠㪡㪢敵敷數敺敹敶敻㪤㪥㪦𢿙𢿛整敽敿敼敾㪧㪨㪪厳斂斁斀㪩斃贁㪬㪫𣀕斄斅斆㪭㪮變
戸,戸戶户戹戻戺戼㦾所房戾戽㦿㧀扁扃扂㧁㧂扇扆扅扄扈扉扊
曰,曰曲曳更曵沓曶冒曷書曺曹曽曼最替曾會朁朅朄暬㬱𣍘朇
斤,斤斥斧斦斨斫斪㪼㪽㪿㪾断斬𣂞斯斮㫀新斱㫁𣂺斳斲㫂𣃈斵斴斶斷𣃑斸
月,月有服朋朊朌㬳朏朎朐朑朗朕朔㬵朒朓㬴望朖朗朙朘朚㬶㬸𣍲朝期朞朜朠䐋𬂃朡㬻㬺朢㬼㬾㬿朣朤朦㭀朧
父,父爷爸㸖爹㸗㸘爺㸙
母,毋毌母毎每毐毒毑毓
方,方㫃於斻㫄斺施斿斾㫈旀㫆旅旃旆旁旄旂㫅㫇㫉族旋旌旎旍旉旊旈旇㫊㫋㫌旐旑𣄃旒旔旓旕㫍旗旖㫎㫏旙旘旚旛旜旝旞旟
毛,毛㲌毜毝毟毞㲍㲎㲏㲐㲑毠毡㲒𣬸毦毧毨毣毢毤毥毩㲓毪毬毫毮毭㲔㲕㲖㲗㲙㲚㲘𣭲毯毳毱毰毲毴㲛㲜㲝㲞㲟毵毶𣮉毼毽毹毺毻毷毸㲠㲡㲢㲨𣮫𣮬𣮯毾氁㲣㲤㲥㲦㲧㲩𣯍毿氀氂氃氄氅氆㲪㲫㲬㲭㲮𣯼𣯻氈氉氊氋𣰐㲰㲱氌㲯氍𣱀氎㲲
歹,歹歺死㱙歼歿殀歽殁歾㱚㱛㱜㱝𣧍殆殃殄殅殂㱞㱟㱠𣧰残殊殉殈肂㰷㱡殍殑殌殎殏殐㱢㱣𣨍殖殘殕殔殗殛殙㱤㱥㱦㱧㱨㱪殜㱫㱬㱭殚殞殟殠殝㱯㱰㱱㱲㱳殡殤殥殣殢殦㱴殫殪殨殧㱵㱶㱷𣩟殩殭殬殮㱸殯殱殰㱹㱺殲𣩼㱻
殳,殳㱼殴㱽𣪂段殶殺殷㱾㱿殻殺殹殸㲀𣪘𣪐殼殽㲁㲂㲃殿毀毁殾㲄𣪠毃毄㲅𣪱毅毆毇毈㲆㲇㲈㲉毉㲊𣫐毊
氏,氏民氐氒氓㲳
戈,戈戊戉戋成戎戍戌㦮𢦏𢦐我戒戓㦯𢦒成𢦓𢦖或戔戕戗㦰㦱㦲𢦠战㦳𢦴㦴㦵㦶戙戚戛戝戜㦷戟戞㦸戦載戡戣戢戠戤戥㦹截戫戩戬戧戨㦺𢧧戯戮戭㦻㦼𢧵戰戱𢨋𢨊戴戲㦽戳戵
斗,斗㪲㪳斘㪴㪵料斚㪶斜斛㪷斝㪸斟斞𬖠斡斠㪹斢㪺斣㪻
支,支攰㩺𢺷攱㩻㩼㩽攲㩾攳
片,片版㸝㸞牉牊㸟㸠㸡𤖽牌牋牒牎牏牑牐牓牔㸢牕牖牗㸣㸤牘㸥
比,比毕毘毗㲋毖毙𣬈𣬉毚
爪,爪爫⺤采爬爭㸒㸓爰爮爯爱爲㸕爳爴爵
牙,牙㸦㸧牚
爻,爻㸚爼爽爾
爿,丬爿𤕭牀牁㸛牂𤕷㸜牃牄牅牆
王,王⺩玉玊玌玍玎玐玏㺨㺩㺪㺫玑玖玗玕玘玔玓玒㺬㺭㺮玙㺯玩玠玨玪玦玥玜玫玭玟玞玢玝玡玣玤玧玬㺰㺲㺳㺴环玱㺵㺶㺻珍珂珊玲珈珀玻玳珎珏珆玵玽玿珅玷珌珉珋珐玴玶玸玹玾珁珃珄珇㺱㺷㺹㺺㺼㺽㺾班珠珪珮珥珞珱珙珦珝珩珖珓玼珣珒珧珡玺珔珕珗珘珚珛珜珟珢珤珨珫珬珯㺸㻀㻁㻂㻄㻆珰㻅㻇㻈理球現琢琉琅珸珴琓琀珺琄琇珿珹琁珵珽珶珻琊琑珳珼琂琈琋琌琍㺿㻃㻉㻊㻋㻌㻍㻎琒㻏㻐琴瑛琶琵琳琥琲琺琢琬琰琯琦琪琚琹琨琖琩琮琤琱琛珷琫琭琼琔琕琗琘琙琜琝琟琠琡琣琷琸㻑㻒㻓㻔㻕㻖㻚琎琻㻘㻙㻛㻜㻤瑚瑞瑟瑙瑁瑕瑜瑶琿瑇瑉瑀瑗瑍瑊瑝瑆瑄瑃瑑㻞瑒瑓琞琧琽琾瑂瑅瑈瑌瑎瑏瑐瑔瑖瑘㻗㻝㻟㻠㻡㻢㻣㻥㻦璃瑠瑳瑯瑣瑪瑰瑤瑋瑦瑴瑧瑨瑲瑵瑱瑫瑭瑢瑮瑡瑹璓瑥瑷瑸璍㻩㻪㻳瑩璋瑾㻫瑬璆璈璀璇璁璅璊璉瑺瑻瑼瑽璂璄璌㻧㻬㻭㻮㻯㻰㻱㻲㻴璢璞瑿璏璣璟璚璖璜璡璒璠璑璙璥璔璕璝㻨㻵㻶㻷璤㻻㻼𤩍環璗璘璦璯璩璨璱璲璪璮璫璐璵璛璬璭璳瓁瓂㻹㻺㻽㻿璴㼀㼁㼂𤪉璧瓊璹璻璿瓀璸璶璾㻸㻾𤩱璽璺瓋瓄瓈瓉璷璼瓃瓅瓆瓇㼄㼃㼆㼅瓏瓌瓐瓍瓎瓑㼇瓔瓖瓓瓘𤫉瓕瓗瓙瓚㼈瓛
示,礻礼示礼社礽䃼𥘇祈祉祁祀社礿祂神祝祖祇祢祐祈祉祄祆祋祊祅䃿䄀祌䃽䃾祍祥祗祠祚祓祟祕神祐祖祝祛祜祘祏祑祙祔祒䄁䄂䄃𥙏祭票祷祥䄅祫祩祧祤祪䄆祡祣祬祮䄄𥙿禄祲祳祦祰祶䄈䄉祴䄏祱䄇祵䄊𥙱福禁禍禅禎禀祺祿祼祻䄍祹祾祽禃䄋䄌䄎䄐䄑禂䄒禆禊福禍禎禋禑禔禘禖禓禌禈禉禐䄓䄔䄕禒禗禇禙䄗䄖𥚫𥛁禝禕禜禛禡禞禟禢䄘䄙禚禠禣𥛅頴禩禤禥䄚䄛䄜䄝䄞禦禧齋禪禨禫䄟𥛽禮禬禯䄡䄠禭𥜑禰禱禲䄢䄣䄤禳禴禵禶禷䄥
无,无旡既旣既旤
耂,耂考老孝者者耇耉䎛耆耄耊䎞耈耋䎜䎝
肉,⺼肊肉肌肋肎肍䏌䏍肝肖肘肛肚肓肙肕肜肔肐肑肒肗䏎䏏肟育肥肩肪肯肢股肴肱肭肬冐䏖肣肸肹肻肮肫肰䏚肦肨肧肤肏肳肵肶肷䏐䏒䏓䏔䏗䏘䏛䏜䏕䏙肼肽𦙇胃肺背胎胆胞胤胡胙胝胛胚胥胄胖脉胟胑胦胠胊胘胏胒胗胂胜胣胅胈胕胇胉胋胐胓胢䏞䏟䏠䏡䏣䏤䏥䏢胩胪胫𦙾𦚈脈能胸脂胴脅脊脇脆胱胯胼胍胺胰胲胳胷脋䏮胻胶胵胹脀脃脍胭胿脄䏑䏦䏧䏨䏩䏪䏫䏬䏭脁脌脎脏脐脑脒脓𦚰𦚧脳脚脱脣脯脛脩脴胮脘脝脞脜脤䏰脧脠脫脡脰脢䏶脕脬脖脵脟脗脙脥脦脨脪脭脮脲䏯䏱䏲䏳䏴䏵䏷䏸䏹䏻胬脷㬷䏺腕腔脹腋脾腓腆腑腁胔胾腌腒䐃䏿腃䐊䐆䐈腍脽脺腊腇腅腄腗脿脼脔脻腀腂腈腉腏腖腘㬹䏼䏽䏾䐀䐁䐂䐄䐅䐇䐉䐌腙腚𦜝𬛂𦝕𦜖腸腹腰腫腎腺腮腴腱腥腟腦腳腛腤腭腧腬腨腝腠腶腩䐗䐑腞腯腜腷腡腲腢腣腪腵腽䐍䐎䐏䐐䐒䐓䐔䐕䐖䐘䐙䐚䐛䐠腼腐膜膏腿膃膈膀膂膊膎膁䐜䐢膌膆膄膇膅膍膋䐪膉䐝䐞䐟䐣䐤䐥䐦䐧䐨䐩膑𮌦𦞙𦞡𦞦膚膝膣膠膵膕膤膓膖䐴膙膞䐲膛膘膟膢膒膔膗膡䐫䐬䐭䐮䐯䐰䐱䐳䐽㬽𪚲𦠁膨膳膩膰臈膐膮膴膲膬膹膪膫膭膯膱䐡䐵䐷䐸䐺䐻䐼朥膧膶臆膿臀臂膺膾臉膸膽臇臄臌臅臊膻臃臁膦膷膼臒䐹䐾䐿䑀䑁䑂䑃䑅𦠾臑臍臏臎臗臐䐶䑄膥𦡸𦡹臓臘臋臖臕䑆䑇䑈𦢊𦢧臙臚臛臔䑉䑊𦢸𦢫䑎䑋䑏臝䑌䑍臟臞臢臠臡
网,罓㓁罒䍏𦉰网罕罔䍐罙罗罖𦉼罘䍑䍓䍔䍒𦊆罠罟罡罝罜罞罢䍕䍖䍗罛罣䍘𦊷𦊫𦊠罥罤罦䍚䍙置罪署罫罧罨罩罭罬䍛䍜䍝𦋄罰署罳罱罯䍞䍟罴𦋜𦋙罷罵罸罶𦋫罹罻罺䍡罼䍠罽罿罾䍢𦌔羂羃羀䍣羅羆羄䍤𦌵䍥羇羈羉䍦
穴,穴穵究穷䆑𥤥空突穹穸穻䆒窃穿穽突窀窆穾窂穼䆓䆔䆕䆖窄窈䆘窋窅窌窇窉䆗䆙窍𥥈窓窒窕窊窐窔窑窏䆚䆛䆜䆝䆞䆟窖窘窗窚窛䆠䆡䆢䆣䆤䆥窙窜𥦌𥥿窟窠窞窣窡窢窤䆦䆧䆨䆩窧窪窩䆫窫窨窬䆪窭𥧄窮窯窰窴䆮窲䆬䆭𥧔窺窶窻窹窸窼窵䆴窱窷䆰䆱䆲䆳窽竃窿窳窾竀竁竂䆵䆶䆷䆸䆹䆺䆻𥨍竅竄䆼䆽竆䆿𥨯竇䆾䇀竈竉竊䇁
生,生𤯔甠甡産產甥甦甤㽒甧㽓㽔𤯷
石,石䂖矴矵䂗矶矼矸矻矹矽矺矷䂘矾矿砀𥐝研砂砕砒砌砑砎砍砉砆砭砅砃砄砇砈砊砋砏砐砓䂚䂛䂜䂝砘砛𥐮𥐺𥐫破砲砿砥砧砺砠砙砡砝砟砷砣砫砮砵砯砩砰砢砬砹砞砤砨砪砱砳砶砸䂟䂠䂡䂢䂤䂥䂦䂧䂨砼砽础硁𥑉𥑰𥑋𥑒砦硅硏硋硈硊䂬硎硄硃硒硐硇硑硌硉硭硂硆硍䂣䂩䂪䂭䂮䂯硓硔硖硘硙硚硛𥒎𥒔硬硝硫硯硲硴硪确硞硤硜硡硣硨硥硠硟硢硦硧硩硰硱䂫䂰䂱䂲䂳䂴硳硵硶䂶𥒪𥒰碁碍碓碇碗碚硼碌碎碕碆碑硿䃂碏碊硺碉硾碘碔碐碤硸硹硽碀碂碃碄碅碈碋碒碖碙䂷䂸䂹䂺䂻䂼䂽䂾䂿䃀䃁䃊碜䃇䃆䃄䃃𥓙𥓑𥓐磁碑碩碧碪碣碵碯碡碬碱碞碶碝䃍碳碫碟碲碭碸碥碰碨碠碢碦碮䃈䃉䃋䃌䃎䃏硻碴碷碹䃐䃅𥔎𥔢確磐磑磋碾磅碼磊磆磇磤磒磈磕碻磎碽碿磉磓磌磏䃕磀磂磃磄磍䃑䃒䃓䃔䃖䃗磗磘磙𥔲磨磔磬磧磚磡磝磪磛磣磩䃚磦磠磖磟磜磞磢磥磫磭䃙䃛䃜䃝䃞磮䃨䃠𥕖𥕐𥕌礁磯磽磴礀磵䃣磲磺磶磳磾磹磻磿磰磱磸磼礍䃘䃢䃥䃦䃧礂礃礄礅䃟礎礒礑礇礠礚磷礐礉礏礆礔礌礞礜䃯礈礊礋礓礕礖䃤䃩䃪䃫䃬䃭䃮礡𥖧礪礙礟礗礘礝礣礤䃡䃰𥗀礫礬礦礛礩礧礨䃱䃲䃳礢𥖾礭礥礮礰礱礲礴礯䃴䃵䃶䃷礳𥗪礵䃸䃹礶礷䃺礸礹䃻
田,田申由甲甴电甶男町甸甼甹㽗㽕㽖𤰖画畄甾畃畀畁甿甽备畂𤰞界畑畏毘畋畍畊畉畆畇畎㽘畈畐畒㽙畓㽚留畜畔畝畠畛畚畟畗畞畕畘㽛㽜略異畦畢畤畩畧畣㽞畖㽝畡番畳畭畴畫畬畮畱畲畯㽟㽠畷畸當畵畹畺㽡㽢㽣㽤畽畼畻㽥㽧𤲮畿畾㽦㽨𤲽疂疁疀㽩𤳉疃㽪疄疅㽫㽬疇疆㽭疈㽮疉疊㽯
白,白百癿皀皃㒵皁皂的皇皆皈皅㿞皍皋皌皊㿟皐皎皏皉㿡皑㿠皓皖皕皒皔皙皗皘㿢㿣㿤𤾉皚㿥皛皝皜皞皣皡皠皟㿦皥皤皢皧皦皨𤾨皩㿧皫皪皬㿨𤾻皭㿩𤿅
目,目䀎䀏盯𥃦直盲盰盱盳盵䀐䀒䀓䀔䀑𥃲県相省看盾冒眉盻眇眈眄盶眂盹眨盼眆眊眀盷盺盽盿眃眅䀕䀖䀗䀙䀚䀛䀜䀞䀘眍䀝𥄢𥄗真眠眛眩眞眤眎眙眗䀠眡䀢眒眕眚眝眔眜眑眢眿眘眏眐眓眖眣眧眪䀟䀡䀣䀤眫㸔䀦𥄱𥄺眼眺眷眥眦眸眾眭眶䀮䀪眵眴眲眹眮眽眯眰眱眳眻睁䀧䀨䀩䀫䀬䀭𥅰睇睂䀵睋睆睅睎睍睊睏睃䀹睄睈睉睌䀯䀰䀱䀲䀳䀴䀶䀷䀸䀺䀻䀼䀽䀾䀿䁀睐𥆩鿃𥆠𥆌𥇅睡督睦睫睨睛睚睥睪睢睠睧睬睟睜睗睒睭睖睤睞睩睰瞄睘睓睔睕睙睝䁁䁃䁄䁅䁆䁇䁉䁊䁈䁐𥇥𥇍𥇑睾睹睿睽睳睺睴睲睼瞂瞀煛睮睯睱睵睶睷睸睻瞁瞃瞅䁂䁋䁌䁍䁎䁏䁑䁒䁓䁔䁕䁖𥈞𥉌𥈙𥈠瞎瞑瞋瞏瞌瞍瞇䁘瞢瞱瞈瞉瞊瞐瞙䁗䁙䁚䁛䁜䁝䁞䁟䁠䁥䁳瞒瞓䁡𥉔𥈽瞠瞞瞖瞔瞚瞕䁢瞟瞗瞘瞛瞜瞝瞡䁣䁤䁦䁧䁨䁩瞣䁪𥊀𥉻瞳瞭瞥瞰瞶瞯瞷瞲瞤瞧瞮瞪瞩瞦瞨瞫瞴瞸䁫䁬䁭䁯䁰䁲䒅䁱𥉸𥊬𥊳𥊸瞬瞼瞿矇瞻瞽瞹瞵瞾瞺矀矁矆䁴䁵䁶䁷䁸䁹䁺矂矎矃矉䁾矄矅矊䁮矈矋矍矏䁻䁼䁽矌𥌡𥌩矒矐矑矓䁿䂀𥌯矔䂁𥌺䂃䂂𥍋矗矕矖䂄矙矘矚䂅
立,立䇂产竍竌竏竎䇃䇄竓竕竒竑竐竔竗䇅䇆竜竚站竝竘竛䇇䇈䇉䇊竞章竟竡䇋𥩵童竣竢竦竧竤䇌䇍靖竩竫竨䇎䇏䇐䇑靖𥪍端竪竭竰竬竮𥪥竱䇒竴竲竳䇓䇔竵䇕競竷𥫉竸
禾,禾𥝏私秀禿秂䄦䄧秃秉秆秇秄秈秅秊䄨䄩䄪䄫䄬䄭𥝕𥝢科秋秒秕秔秏秌秖种秎秐秓秗䄮䄰䄱䄲䄳䄯䄵䄴𥝱𥝧𥝤秘称租秩秤秦秣秬秧秡秭秫秪秥秚秠秞秢秝秙秛秜秨秮积䄶䄷䄸䄹移秶秼秸䅈秱秲秳秴秵秷秹秺䄺䄻䄼䄾䄿䅀䅁䅂䅃䅄䅅䅆䅇䅊䅒秽秾䄽𥞩𥞥税程稀稈稍稉稅稊稌䅏稃稆稂稇秿稁稄䅋䅌䅍䅎䅐䅑䅓𥞴𥟂稚稔稗稜稟稠稘稙稞稛稡稕稑稏稐稒稓稖稝稢䅔䅕䅖䅗䅘䅙䅚䅛䅜䅝䅞䅦稤稥䅟種穀稲稱稬稭稧䅣稰稯稫稨稵稩稪穁鞂䅠䅡䅢䅤䅧䅨䅩䅥稳䅫𥠢𥠈稿穂稼稽稷稻稾穃穀稸稴稹稺穊稦稶䅬䅭䅮䅯䅰䅱䅲䅳䅴䅵䅶䅷䅸䅿積穏穎穐穆穅䅽穇穄穌䅺穈穋穓䅹䅻䅼穑穒𥡴穗穉穖穝穛穕穜穙穔穘穚䆀𥢓穫穣穢穡穠穟䆃穥䆁䆂䆄䆅䆇䆆穩穤穪穧穨穦䅾𥣢穬穮穭䆉穯𥣮𥣪龝䆈䆊䆋䆍䆌穰䆎䆏穱穲穳䆐
矢,矢矣知矤矧矦矨矩䂏䂐矪䂑䂒矫𥎿短䂓矬䠶𥏏矮䂔䂕矯矰矱矲
用,用甩甪甫甬甭甮𤰈甯
皿,皿盁盀盂㿻盆盈盃盅昷盇盄㿽㿼𥁊𥁈益盍盌盋益盎盉㿾㿿䀀盏𥁕𥁚𥁓盛盗盒盖盔盓盕䀁䀂盘𥁫𥁞盜盙盚䀃盟盞盝䀄䀅𥁼盡盠盢䀆監盤盧盥盦䀇䀈盪盨盩䀉盫盬䀊盭䀌䀍
癶,癶癷発癸癹登發
皮,皮皯㿪㿬㿫䏢皰皱㿭㿮𤿚㿯㿰皴皳㿱皵㿲皹皸皷皶㿳㿴㿵皺㿶㿷皻㿸𥀗皼皽㿹𥀫𥀭皾㿺𥀰
疒,疒疔㽲疓疕㽱疖疗疚疝㽵疜疙疘疛疠疞㽳㽴疟㽶𤴰疫疣疥疧㽷疢疤疺疩疦疨疪㽸㽹㽺㽻疬疭疮㽼𤴾𤴷𤴿𤵐病疲疾症疹疳痃痂疸疽疼疱疴痀痄疻疰痁痆疷疿疶㽽㽾㾀㾁㾂㾃㾄㾅㾆㾇㾈㾉㾎痈痉𤵚痕痔痍疵痊痒痏痎痓痌㾐痋痑㽿㾊㾋㾌㾍㾏㾑㾒痐痛痘痢痩痙痞痣㾓痗痧痤痠痟痜痡痝痚痥痦㾔㾕㾖㾗㾘㾙㾛㾜㾝㾞㾟㾠㾡痨痪痴痿痾痰痺痼痳痲瘁瘂痬瘀痯痵痸瘄痮瘃痶痱痹痻痭痷痽瘔㾚㾢㾣㾤㾥㾦㾧㾨㾩瘆𤷎瘍瘧瘋瘉㾬瘖瘕瘑瘓瘈㾮瘊瘒㾴瘇瘏㾫瘐瘌瘩瘘㾱瘎㾪㾭㾯㾰瘅瘗㾵㾳𤸎𤷽瘟瘠瘤瘢瘡瘦瘝瘞瘣瘚瘜瘛瘙瘥瘨瘼㿀㾶㾷㾸㾹㾺㾻㾼㾽㾾㾿瘪瘫㿁𤸷瘰瘴瘻癊瘱瘸瘵瘲瘮㿅瘶瘯瘹瘭瘳瘺瘬瘷瘽㿃㿄㿆㿇㿈㿂㾲𤹪𤹝療癌癇癆癈癘癅癋癎癀癄㿉癉癍癁癃㿎瘾𤺋癖癒癜㿍癔癙癕癏癑癓癗癚癛㿋㿌㿏癐癝㿐癡㿊癠癟㿑㿒㿓癢癤癥癦㿔𤻱癧癪癨癩㿗㿕㿖癫癬癮癭㿘癰癯㿙癲癱㿚㿛𤼙癳𤼟癴㿜𤼤癵
玄,𤣥玄玅玆率玈
疋,疋⺪𤴔疌疍疎疏㽰疑疐
甘,甘甙甚㽍甜甛甞甝㽎㽏㽐㽑
矛,矛䂆矜䂇矝䂈矞矟矠䂉𥍻䂊䂌䂋䂍䂎矡
瓦,瓦瓧㼗瓩瓨㼘㼙瓰瓲瓮瓱㼚瓪瓫瓯瓬瓭㼛瓴㼜瓳瓵㼝㼞㼠㼟𤬳瓶瓷瓸㼡㼣㼤㼥㼦瓻瓺瓼瓹㼢㼧㼨㼩㼪𤭖甁甀瓽瓿瓾㼫㼬㼭㼮㼯㼰甄甅甃甆甂㼱㼲㼳㼴㼵㼶㼷㼹𤭯甍䰛甇甈甉㼸㼺甌甎甋甊㼻㼼㼽㼾甑㽁甒甏㼿㽀㽂㽃㽄㽅甕甓甔甐㽆㽇甖㽈㽉甗㽊㽌㽋
禸,禸禹禺离禼禽歶
衣,衤衣补䘛𧘈表衫衩䘚衦衧衪䘜䘝衬𧘕𧘔𡊮衷衿衵袂衲衽衱袀衹衻衯衭衳衴衶衸衼袄䘟袇䘠𧘱𡋡被衰袖衾袗袙袢袒袍袁袮衮衺袡袘袣袪袨袑袟袛袚袜袎袃袉袊袏袐袓袔袕袝袥袦袧袩䘡䘢䘤䘥䘦袯䘧𧘿袋袈袴袷袞袤袰袿裃裄袱袵袠裀袼袺袽袾袹袌袬袳袸袻䘣䘨䘩䘪䘬䘭裆裇裉𧙃𧙑𧙤裁装補裂裕裡裙褁裌裓裍裋裑裞裎袲袶裐裖䘫䘯䘰裗䘲𧚄𧚓裏裸褐裾裟裔裘褂裼裲裨褄裝裊裒裛㐮裠裷䙁裧裰䘺裯裱裩䘳裚裪裬裭裮裶裿褀褃䘱䘴䘵䘶䘷䘸䘹䘻䘼䘽䘾䘿䙀䙂裺製複裳裹裴褌褊褓褝裵褐褆褍褖褚褋褙褕褛裫裻褅褈褉褑褔褗褡䙃䙄䙅䙆䙇䙈䙉䙍䙋䙊褒褞褥褫褪褏褜褎褘褲褠褨褯褦褟褣褤褬䙎䙏䙐䙑䙒裦䙓𧜎𧜅襁褸褶褱褧褰褹褷襂襀襅褾褵褢褩褭褮褼褿䙔䙕䙖䙗䙘䙛褳䙜襔𧜣𧜩𧜁襍褻襄襌襃褽褺襉襋襐襓襈襏襒襆襇襊襎襑䙙䙚䙞䙟䙠䙡䙢䙣䙝𧝒𧝉𧝋𧝎𧝃𧝐襟襖襠襘襛襡襚襜襗襢䙥襙襝䙤䙦䙩𧞔襞襦襪䙧襣襥䙨襧襨𧝹𧞛襭襤襫襬襮襩襯襰䙪襱䙫襲襴襷襳襶䙬䙭䙮襵襼襺䙯襻䙰襸襹𧟎襽𧟔䙱
瓜,瓜瓝㼉㼊瓞瓟㼋𤫱瓠㼌㼍㼎㼏瓡㼐㼑㼒㼓㼔𤬒瓢𤬏㼕瓣瓤瓥㼖
糸,糸糹系糺糼糽䊵糿級紀約紅糾紆紂䊸紈紇紃紉䊶䊷䊹𥾑紙素純納紋紛索紡紘紗紐紊紕紜䋆紟紒紓紝紞紖紏紦紑紥紣紌紎紤䊺䊻䊼䊽䊾䊿䋀䋁䋂䋃䋄䋇䋅細組終経紹紺紳累絃紬絅紿絆紵紮紲絋絇紭絁紸紾紽䋎紩絀絈紱紼紨紴紶紷紻絉絊䋈䋉䋊䋋䋌䋍䋏䋐䋑䋓䋔䋒𥿠𥿔𥿃絵給結絶統紫絡絞絢絖絎絣絨絏絮絲絍䋖絪絓絯絙絜絭絝絗絑絕絟絰絧絥絫紪絚䋝絒絔絠絤絩絬絴䋕䋘䋙䋚䋛䋜絘絷䋞𦀌𥿻続絹継絳綏絽綉絛綛綟經綂綖絿綗綌綋綆綑綃綅絺綈綍絻綁䋣絸絼絾綀綄綇綊綎綐綒綔綕綘䋗䋟䋠䋡䋢䋤䋥䋦𦀗緑練総綿維網綱緒綻綬綜綴緋綾綺綵緇綽綢綣綸綯綮綰綫緕綠緎綶綦綨緄綷緅綧緃緌緀緆綪綞緂綝綹緉緢緍綳綡綤綥綩綼緁緈䋧䋨䋩䋪䋫䋬䋭䋮䋯䋰䋱䋲緐緓緔𦁠𦁎線編縁緩緊締縄緬緤緞緘緲縅緝緡緜練緖緣緫緭䌂緺緙緱緪緦緧緗緛緵緹縀緶緥緼緟緳緷緸緽緿縃縙䋳䋴䋵䋶䋷䋸䋹䋺䋻䋼䋽䋾䋿䌀䌁䌃䌄緰縂緮緾縆縇䌋縦緯繁縛縫緻縞縡縟縊縉縋縢縒縣縜縕縈縑縠縗縉縝縐縚縏縨縍縎縓縔縖縘縤縥縸䌅䌆䌇䌈䌉縌䌊𦃭𦃙𦃃𦃉𦃇𦃏績縮繊徽繋繍縻繆縹縵縺繃縲縷總縱繁繈縧繄縯縴繀縿縰縬繅縶縳繇縭繂縩縪縼繉繤䌌䌍䌎䌏䌐䌒䌔䌕䌓繌𦄊織繕繭繧繚繖繝繦繙繞繘繢繣繥繐繠繟繎繒繏繑繓繛繜繱䌑䌖䌗䌘䌙䌚㬧𦅃繰繹繪繩繡繫繲繮繯繳繸繵繗繬繴繷繺䌜䌝䌞䌟䌠䌡䌢繨繶𦆅𦆗𦆂纂繽纃辮繻繼纁繾纀䌣䌤䌥䌦䌧䌨䌩纄纏纈纐纉繿續纎纊纆纇纍纅纋䌭𦆞纒纑䌪䌬纔纓纖纕䌫䌮䌯䌲纛纗䌰䌱纘纚纙䌳䌴纝䌵纜纞
耳,耳耴䎲耵耷耽耿耻耺耹耾耼聀耸䎳䎴聁聂聆聊聃聄聅聇聈聉䎵䎶职聍聒聏聠聎聐聑联䎷聓聖聘聕聗䎸䎹聞聡聟聚聢聝聙聛聜䎺䎻䎼䎽聣䎾聨聦聤聥聧䎿䏀聪聫𦖩𦖨𦖪聭聬聮䏁䏂䏃聴聯聳聲聰聱䏄䏅䏆䏇𦗓𦗔職聶聵䏈聸聹聻聺䏉聼聾聽䏊𬚩
竹,竹⺮竺竻竿笂竽竾竼笀笁䇖𥫤𥫣笑笈笋笏笆笊笄笒笐笇笔笅笉笌笍笎笓䇗䇘䇙䇚䇛䇜䇝𥫱第笛符笹笥笠笘笞笵笳笨笙笶䇦笴笱笧笮笫笽笪笤笯笲笰笣笭笻笖笗笚笜笝笡笢笩笷笸䇞䇟䇠䇡䇢䇣䇤䇥笺𥬑𥬔答等筆筋策筒筈筑筏筍筌筅筐筝筓筇筁筀筕筊筎䇮笿笟䇳筂筃筄筗筘䇧䇩䇪䇬䇭䇯䇰䇱䇲䈂笾筙筚筛筜䇴節筺筥筵筧筰筬筮筱筴筠筷筦筪筲筯筳筩筢筤筭筿筹筞筟筡筣筨筫筶筸筽䇨䇵䇶䇷䇸䇹䇺䇻䇼䇽䇾䇿䈀筻𥭒𥭓算管箇箋箕箔箆箘箜箍箝箒箏箚箙箟劄箉箞箎箠箐箑䈉䈇箥箄箅箖箓箬箁箂箃箈箊箌箢箣箤䇫䈁䈃䈄䈅䈆䈈䈊䈋䈌䈍箧箩箫𥮲𥯶𥮚𥮩𥮝箱範箸箭箪篇篁篌篆篋箴篏節䈔箛箼箶篊箰箺箾箵篂篅箲䈚箽箯篈䈎箻箮箳箷箹箿篃篍篎篒䈏䈐䈑䈒䈓䈕䈖䈗䈘䈙䈛䈜䈝䈞䈟䈠䈡䈢䈣䈤䈥䈦篐篓䈨𥯑築篤篦篭篝篩篥簑篡篪篛篔篙篘篨䈰篖篚篣篗篕篜篞篟篢篧篫篬䈫䈬䈭䈮䈯䈱䈲䈳䈴䈵䈶䈷䈪𥱋𥱤𥰚篠簒簔篷簍簓簇簀簗篳篶簃簂簋簄簆篸篹簁簉篲簎篿篵䈾簌篴篼篺篻篾篰簏簘篱簅簈簊簐䈸䈹䈺䈻䈼䈽䈿䉀䉁䉂䉃䉄䉅䉆簕簖䉇𥲌𥲈簡簣簧簟簞簥簛簨簭簦簜簙簱簠簩篽簚簝簢簤䉈䉊䉋䉌䉍䉎䉐䉑䉒䉓䉔䉕䉖䉗䉘䉙䉚䉣䈧簮簯簰簲𥳎𥳔𥳑𥳨簿簸簾簷簽簫籀簳簺簹簬簵簶簴籅籆䉤簼䉉䉏䉛䉜䉝䉞䉟䉠䉡䉢簻簾𥴽𥴭𥴷𥴫籍簪籌籏籋籊籄籇籈籉籕䉥籂籎𥵡籃籔籐籖籒籑籓䉦䉧䉨䉩䉪䉫䉬䉭𥶡𥶈籠籟籘籡籛籗籜籚籙籝䉮䉯䉰䉱𥶛籥籤籞籧籣籢籦䉲䉳䉴籨籪䉶𥷩籬籭籩籮籫籰籯䉷𥸊䉸籱䉹籲
虫,虫䖝虬虱虯虭虰虮虲𧈡虹虻虶虷虺虸虴虵虳虼虽䖞䖠䖟虾虿蚃𫊦蚕蚊蚤蚓蚪蚌蚩蚣蚋蚏蚜蚧蚑蚔蚚蚖蚝蚇蚦蚍蚨蚡蚠蚉蚄蚞蚘蚅蚆蚎蚐蚒蚗蚙蚛蚟蚢蚥䖡䖢䖣𧉅蛍蛇蛋蛎蛄蚰蛉蚯蚶蚫蛆蚺蚵蚷蚿蚱蚻蚭蛀蛅蚳蛁蛈﨡蚾蚹蛂蚴蚸䖤萤蚮蚲蚼蚽蛃蛊䖥䖦䖧䖨䖩䖫蛏䖬𧊇蛮蛙蛤蛭蛛蛞蛬蛩蛯蛔蛟蛦蛜蛕蛒蛫蛣蛐蚈䖵䖪蛥䖳蛗蛑蛧蛘蛠蛚䖮蛌蛓蛝蛡蛨䖭䖯䖰䖱䖲䖴蛢蛪蛰蛱蛳𧊒蜂蛾蛸蜒蜉蜀蛻蜊蜍蜈蛹蜑蜆蜃蜹蜋蜎䖸蛷蛺蜐蛼蜄蜇蜓蜔蛽蜅蛖蜏蛵蛶蛿蜁蜌䖶䖷䖹䖺䖻䖼䖽蜖䖾𧌁蜜蜘蝋蜴蜿蜚蜥蜻蜩蜷蝅蜯蝄蜲蜼蜟蜾蜞䗁蜣蜺蜡蜙蝃蜨蝀蜪蜱蜰蜢蜮蜽蜛蜝蜠蜤蜦蜧蜫蜬蜭蜳蜶蝁蝂蝆蝇蝧䖿䗀䗂䗃䗄䗅䗆䗇䗉䗊䗕䗈蝈蝊𧌿蝦蝕蝉蝶蝿蝨蝠蝮蝌蝴蝙蝓蝗蝟蝎蝣蝸蟒蝪蝱蝛蝘蝝蝯蝰䗐蝑蝤蝍蝡蝻蝏蝭蝳蝜蝥蝲螀蝼蝐蜵蜸蝒蝔蝖蝚蝞蝢蝩蝫蝬蝵蝷蝺蝽䗋䗌䗍䗏䗑䗒䗓䗔䗎蝾䗖𧍕𧍲𧍻𧍧融蟇蟆螂螟螢螠螧螐螉螘螇螈螄螅螔螆螓螋螗螣螞螌螕螃螙螊螎螏螑螒螖螚螛螜螝螡螤螥䗘䗙䗚䗜䗝䗞蝹䗗螁螦螨𧏛𧏚𧏾𧎤𧎿𧎾螺蟋螽螳蟀螯螻螫蟄蠎蟐蟁䗬螱螾蟈䗪螿蟑螬䗥螭螮螲螵蟊蟎䗤蟉螩螪螰螴螶螷螸螹螼蟂蟃蟅蟌蟍䗛䗟䗠䗡䗢䗣䗧䗨䗩䗫䗮䗰䗦䳋蟏䗭𧐐𧐑𧐋𧐯𧐔𧐗𧐒蟠蟯蟲蟬蟵蟫蟣蟢蟜蟪蟥蟖蟴蟭蟓蟙蟳蟤蟱蟛蟚蟟蟧蠆蟦蠇䗶蟔蟗蟘蟝蟞蟡蟨蟩蟮蟼䗯䗱䗳蠂𧑉𧒂𧑆蟹蟻蠅蠍蟾蟶蟷蠖蠏蠁蟿蠉蟕蠋蟺蠊蠓蠃蟸蟰蟽蠀蠄蠈蠌䗲䗵䗷䗸䗹䗺䗴𧒕蠣蠕蠑蠒䘀蠔蠐蠘蠙蠚蠛蠗䗼䗽䗾䗿䘁𧓋𧓿蠢蠡蠟蠞蠜蠝蠠䘂䘃䘄蠫蠤䗻𧔊𧓷蠧蠥蠪䘌蠨蠦蠩蠬䘅䘆䘇䘉䘈蠱蠭蠮蠲蠰蠸蠯蠳䘊䘋蠴𧕋蠹蠺蠷蠵䘍𧕎蠻𧕯𧕮蠶蠼𧕾蠽蠾𧖆蠿䘎
羽,羽羽𦏲羿羾𦏵翁翆翅翃翄翀翂䍾䍿𦐂𦐄習翌翊翈翏翎翇翉翋翍翐翑䎀䎁䎂䎃䎄䎅䎆𦐛翔翕翓翖翗䎇䎈䎉䎊𦐩翛翜翝䎋䎌䎍䎎䎏𦐺翠翡翣翟翢翞翤䎐䎑䎒䎓𦑇翫翦翩翬翨翥翧翪翭𦑣𦑪𦑚翰翮翯翱䎔䎕𦑶翼翳翲翶翴翵𦒇𦒆翻翹翺翸䎖䎗𦒓𦒎翽翾翷䎘𦒟耀翿䎙䎚
行,行衍衎衏䘕術衒衑衐街衕衖䘖衙衘𧗳衝衜衚衛衡衞衟衠䘘䘗䘙衢
自,自臫𦣻臭臭臬臰臯臮臱臲𦤫
色,色䒊艳艴䒋艵𦫦䒌䒍䒎𦫬䒏艶䒐艷
西,西襾覀要䙲覂䙳𧟨覃䙵䙴覄䙶覅覆覇覈覉覊
舟,舟䑠舠舡舢䑡䑢䑣舤𦨉航般舫舩舮舨舥舦舧舭䑤䑥舯舱𦨞船舶舷舵舸舳舺䑨舴舲䑦䑧舻䑩𦨢舼䑪䑬䑭䑫舾舿䑮艇艀艁艄艉艅艃艆舽艂䑯䑰艈𦩂䑶艌艋䑳艊䑱䑲䑴艍䑸䑷䑵𦩘𦩙艎艏艑艒艐艓䑹䑺䑻艔𦩤艘艙艗艖䑽䑼艕䑾艚艝艜艛䑿䒀䒁䒂䒃䒄䒅𦪌艟艠艞䒆䒈䒇艤艢艨艧艣艥艡𦪭艩艦艪䒉𦪷艫艬艭
米,米㐘籵籴籶粁粂籾籺籽籹籸籼籷籿粀䉺𥸮粉粋粍粃粐粆粏粇粄粅粈粊粌粎䉻䉼粑𥸵粒粗粘粕粔粣粜粓粖粙粚粝䉽䉾䉿䊀畨𥹖𥹆粧粥粟粢粤粨粭粫粡粠粞䊁䊂䊃䊄䊅䊆粩粪粬𥹥𥹢𥹤粱粳粲糀粮粰粯粴䊇䊈䊉䊊䊋粦粵䊌𥹴精粽粹粿粷粻粺粶粸䊍䊎䊏䊐䊑䊒䊔糁精糊糎糅糂糉粼糇糈糄糍糃糆糋糌䊓䊕䊖䊗䊘䊙𥻂𥻈糖糒糢糘糚糗糕糔糏糓糐糑䊚䨀𥻨𥻘糠糟糞糜糛糝糙糡糨䊛䊜䊝䊞䊟䊠䊡䊢𥻦糧糦糥糤䊣䊤䊦䊧䊨䊩䊪𥼣𥼚糩糫糪䊥䊫䊬糭𥼽糯糲糰糣䊭䊮糬糮䊯𥽜糴糱糵䊰䊱䊲𥽭𥽲糶䊳䊴糳糷
血,血卹衂衁䘏衄䘐衃衅䘑衆衉衈衇䘒䘓䘔衊衋
羊,羊⺶⺷𦍌羌羋𦍐美羍羑羏𦍒羔养羗羖羓羒羘羙䍧䍨䍩𦍛𣴎𦍗羞羝羚羜羕羛䍪䍫䍬䍭羟着羡羢羠䍮䍯䍰義群羨羣羦羧羪羥䍱𦎌䍲䍶羫䍳䍴䍵羯羮羬羭羰𦎣羲羱䍷䍸䍹𦎧䍺羳羴羵䍻羹羶羸羷羺䍼羼羻䍽𦏪𦏰
艮,艮良艰艱
耒,耒耓耔䎢耕耗耙耘耖耜耞耟耝耚耛䎣耠耡䎤耢䎥耤耣䎦䎧䎨䎪䎩耥耦䎫耧耨耩耪䎬耬耫䎮䎯䎭𦔔耮耭䎰耯𦔨䎱耰耱耲
臼,臼𦥑臽臾舁臿𦥙舀䑔舂䑕舃舄𦥭舅與𦥯䑖䑗興舉䑘𦦐舊舋𦧄𠔻
舌,舌舎舍舏舐䑙敌䑚䑛舑舒𦧝舓舕舔舗舖䑜舘舙𦧴舚
至,至䑒𦤶致臵臸臶臷臹䑓臺臻
而,而耐耍耏耎耑䎠䎟䎡𦓖
虍,虍虎䖈虏𧆛虐䖉𧆜虔虓虒虑䖊䖋䖌䖍虚處虗虖虘虙䖏䖎虛虝䖐䖑虞虜號虜䖒䖓䖔䖕䖖虡虠虢䖗虤虣虥虦䖘虧虨虩䖚䖛𧇻䖙䖜虪
缶,缶𦈢匋缷缸䍂𦈣缺䍃缼䍇缽缻䍄䍅䍆䍈䍉缿缾罀䍊罁䍋䍌𦈼罃䍍𦉈罅罄罆罇罈罉𦉖罋罊罌罍罎罏䍎罐𦉢𦉣
聿,肀⺻聿肃肁粛肄肆肅肇肈
臣,𦣝臣𦣞臥卧臤䑐臦𦣩臧𦣪臨䑑臩
舛,舛舜舝舞䑝䑞䑟
頁,頁頂頃頄順項須頇䪱䪲𩑔預頑頒頓頏頌頍頎頊䪴頉䪳頋䪵𩑭𩑡𩑨領頚頗頙䪼頔頖頕䪶䪷䪸䪹䪺䪻䪽䪾𩒉頬頡頞頦頠頟頜頫頪頩䪿頛頝頢頧頨䫀䫁䫂𩒐頭頼頸頤頷頽頰頵頮頯頣䫇頹頺頲頳䫉頱頶䫃䫄䫅䫆䫈䫊頻𩓑𩒾頻顆頥顊顄䫏顇顀顈顉顁顂顃顅䫋䫌䫎䫐䫑䫒䫓䫍𩓝𩓨顔題類額顕顎顋顏頾顑顒顐顓䫙頿䫔䫕䫖䫗䫘䫚䫛䫜䫝𩔊𩔁願顛類顚顗顖顙顜顝䫞䫟䫠䫡䫢䫣䫤䫥䫦䫧顣顢顟顠顡䫨䫩䫪䫫𩔵顧顥顦顤顨䫭䫮䫱䫯𩕏𩕒顫顪顩顭䫰䫲䫳䫴𩕔顯顬顮䫬𩕰𩕴顰䫵䫶顱顲䫷顴龥𩖊𩖋顳𩖏
貝,貝負貞貟財貢貤貣𧴪貨責貧販貫貪貶戝貭貮貥貦䝧買貯費賀貸貴貼貿貰貽賁貳貺貹貱貵貾䝩䝪䝫䝬䝭䝮䝯資賃賊賄賂賎賈貲賍賅賉賆賋賌䝰䝱䝲𧵣𧵥賑賓賏賕賖賒賔賐賗㕢䝳䝴䝵䝸賘賞賛質賦賜賠賓賤賚賣䝻賡賥賙賫賨賧賬賝賟賩䝶䝷䝹䝺䝽䝾䝼𧶠賢賭賴䝿賱賯賰賲賵賮賳䞀䞁䞂䞄購賻賽賺賷賸賶賹䞃䞅䞆𧷗𧷏贈贄贅賿贃贀贂䞇𧷠𧷡贋贇贊贈賾贉贎贆䞈贌𧸇𧸐贍贏䞉贔贐贑𧸩贓贖贒贗贕贘䞊䞋贙贚贛贜𥫔
見,見覌覍覎䙷䙸𧠊規視覓覔覐覑覒䙹䙺𧠑覚覗覘視覕覙䙼䙽䙾䙿䙻覜覛䚀䚁覡覠覟覝覞䚂䚃覤覥覢覣䚄䚅䚆𧡎𧡐親覦覩覨䚇䚈䚉𧡥覧覯覬覫覭覮䚊䚋䚌観覲覰覱䚍䚎𧢆覵覸覷覴覶䚐䚑䚒䚓覺覻覹䚏覼䚔覿覽覾觀𧢢䚕䚖
車,車軋軍軌䡄䡂䡃𨊥軒軎軏軔軑䡅軓軐軕転軟軛軣䡇軝軜䡈䡎軖軗軘軙軞軠軡䡆䡉䡊䡋䡌䡍軚𨋕軽軸軻軫軼軶軮軹軺軵軷軬軨軤軥軦軧軩軪軯軰軲軳軴䡏䡐䡑䡒龫𫏵𨋧𨋑較載軾輅輊輌輀軱軭輂輇輈軿輁輄輆輋䡓䡔䡕䡖䡗𨋳𨋬輔輒輓輕輐輏輍輎輑䡘䡙䡚䡛𨌅𨌂𨌃𨌓輪輝輩輙輟輜輦輛輢輠輡輨輗輥輚輖輫輧輣輞輘輬輤䡜䡝䡞䡟𨌯𨌪輸輯輻輹輳輭輵輷輺輮輲輴輶輰輱輼䡠䡡䡢䡣䡤輸𨌤轄輿轅轂輾轀轃轁輽䡥䡦䡧䡨䡩䡪𨍱𨍯𨍩𨍭轆轌轉䡮轊轇轈轋䡫䡬䡭䡯䡰䡱轍轎轏轓轐轑轕轒䡲䡳䡴𨎧轗轝轔轘轚轖轙䡶䡷䡵䡸轟轜轛䡹𨏍轡轢轞轠䡺䡻𨏒轤轣䡼轥䡽䡾𨏹䡿𫐃
赤,赤䞑赦赥赧赩赨䞒赫䞓䞔赭赬赮赯䞕
足,足⻊𧾷趴䟓䟔趷趵趶䟕䟖趸跂趺趾趹跀趿趻趽跁䟗䟘䟙䟚䟛䟜䟝䟞䟪跄距跏跖跌跚跛跋跇跔跙跎跆跅䟡䟣跕跈䟫跊䟦跗跑跉跍跒跓跘跜䟟䟠䟢䟤䟥䟧䟨䟩䟬䟭𧿳路跡跳践跨跟跣跪跫跬趼跤跲跴跐跧跥跦跰跱跠跢跩跮䟮䟯䟰䟱跸跺䟳䟲𧿼踊跼跿踉踈跽踁踍踆踅踄踌䟽踋跭跾踀踂踃踇䟴䟵䟶䟷䟸䟹䟺䟻跶跹踎𨁈踏踪踝踟踞踐踠踑踦踘踡踧踥踖踔踢踣踒䠊踓踕踗踚踛踜踤踨踩䟼䟾䟿䠀䠁䠂䠃䠄䠅䠆䠇䠈䠉䠋蹃踙踭踮䠌𨂊蹄蹂踵踰踴䠖踸踽踳踷踱踹蹀踶蹁踫踲踺踻踼踾踿蹅䠍䠎䠏䠐䠑䠒䠓䠔䠜踯𨂻蹊蹉蹌蹇蹐蹈蹏蹍蹎蹋蹑䠕䠗䠘䠙䠛䠝䠢蹆蹒蹓蹟蹙蹠蹣蹤蹕蹞蹔蹝䠞蹜蹡蹛蹢蹖蹗蹘蹚蹥蹦蹧䠚䠟䠠䠡躀蹴蹶蹲蹼躇蹻蹺蹷蹵蹱蹭蹪䠧蹬蹹蹳蹯蹩䠥躉蹮蹰蹨蹫䠣䠤䠦蹽蹾蹿𨅓躅躄躁躃躆躂蹸躈䠨䠩𨆁躍躋躊躎䠪䠫躓躑躔躚躕躐躒躌躖䠬𨇔躙躛躘躠䠭䠮躗躞躝躟躤䠯䠰躡躢躣躥𨇯躪躧躦躩䠱躨
角,角觓觔𧢸觖觕觘觗觙䚗觝觛觞𧣚解触觚觜觧觟觡觥觠觢觤䚘䚙䚚觩觫觨觪䚛𧣰觭觬觮䚜䚝䚞䚟䚠𧣾䚡觱觰䚢䚣觯䚤觳觲䚥䚦𧤱𧤫觴䚧觵觶䚨䚩觸觹觷䚪䚫䚬觺觼觻觽觾䚭觿
言,言訁計訂訃訄訅訆訇䚯䚮䚰記訓討託訊訖訌訐訑訔訏訒訕訉訋訍訙䚱䚲許設訪訳訟訣訛訝訥訩訢訤訯訬訠訦訫訧訞䚻訜訡訨訮訰訲䚳䚴䚵䚶䚷䚸䚹䚺䚼䚽䚾䚿䛀䛁䛂䛃𧦅𧥼𧥸証評詞訴詠詐詔診詑註詛詈訶詁詆詒詍詇詎詓詘詗詃訹訷詀訵詝䛏詄詉詜詖詅訽訸詂詊詋詌詏詙詚䛄䛅䛆䛇䛈䛉䛊䛋䛌䛍䛎䛐䛑䛒𧦦話詩試誠詰誇詳誉該詣詮詫詭詢誄詬誅誂詼詾誃詿詻誆詡詥詤詧訾訿誀詶詵詹詷詺䛕詨詪詯詴詸詽誁誈䛔䛖䛘䛙䛚䛛䛜誊𧧛語読説誤誌認誘誓誨誡誣誦誚誑誥䛡誐誋誒誩誙誟說誗誖誧誏誮誎誔誛誜誝誢誫䛗䛝䛞䛟䛠䛢䛣䛤䛥䛦䛨䛧𧧵談調課諸誕論請諾謁誰諌誼諏誹諒諄諚諍諂諛諆諊誾誳諕諉諔誯諗誶諓諑諈諃誻誷諐誱誴誵誸誺誽諀諁諅諎諘諙䛩䛪䛫䛬䛭䛮䛯䛰䛱䛲䛳䛴䛵䛶䛷䛸𧨩𧨵𧨽謡諮謀諭諧諦謂諫諺諜諤諠諢謔諞諳諷諡諸謁謊諴諼諟諰諿諝諶諵䜁諣諥諨諩諪諬諯諲諹諻諽䛹䛺䛻䛼䛽謃𧪄諭𧪗𧩣講謝謹謙謄謎謌謚諱謇謐謗謖謨譁謠謍謞謑謜謅謆謕謟謈謉謏謒謓謘謩䛾䛿䜀謢䜂𧫍𧪭謬謦謾鞫謳謫謹謋謣謷謸謰謭謤謥謧謪謮謯謱謲謴謵謶謺謻謼謽䌛䜃䜅䜆䜇䜈䜉䜊𧫕𧫗𧫦𧫥識警譜譌譚譏譎譛證譆譑譃䜘譓譙譔譂譄譈譒䜌譋謿譀譇譊譐譕譗䜋䜍䜎䜏䜐䜑䜓䜕譪䜄龻𧬐𧬓𧫿𧬎議護譲譫譬譟譯譱譽譩譭譞譣譍譝譠譢譤譥譧譨譮䜒䜗譡䜖䜔𧬬𧬿𧬯𧬪譖譴譹譅譸譶䜛譳譵譺譻䜙䜜䜝䜞䜚讂𧭡讃讀譼譿讅譾讁讄䜟䜠䜡𧭦讌讐讎變讇讍讏讋讈讉䜢讆𧭾讙讖讒讓讔讕讑讘讛讗讚𧮛讞讝讜讟
谷,谷䜪谸䜫谺谹谻䜭䜬𧮳谼谽䜮谾䜯𧮾豁谿豀䜰𧯇豂䜱豃豄䜲豅
走,赱走赴赲龪赵起赳赶赸䞖䞗䞘𧺓赿赹赺赻赼赽赾﨣䞙䞚䞛䞜𧺤𧺢越超趁趄趈趂趀趃趆趇趉趋䞝䞞䞟䞠䞡䞢䞣䞤𧻀趐趑趍䞨趌趎趏趒趔䞥䞦䞧䞩䞪趓𧻛𧻕𧼕趙趕趖趗趘趚䞫䞬䞭䞮䞯䞰䞱䞲𧻷𧻶趣趞趡趠趟趛趜趝趢趤䞳䞴䞵䞶䞷䞸趦趥趧䞹䞺䞻䞼𧼨趨䞽䞾䞿䟀𧽐𧽒䟆䟁䟂䟃䟄䟅趩𧽦趫趬趭趪䟇𧽸𧽻趮䟈䟉䟊䟋𧾏趯䟌趰䟍䟎䟏𧾢䟐䟑䟒𧾱趲
里,里重野䤚量釐
酉,酉酋酊䣥䣦酒配酌酎酏酐酑䣧䣨酔酖酘酓酗酙酚酛䣩酕䣪䣫䣬酜酝酞䣭𨟵𨟶酢酣酥酤酡酟酠䣮䣯䣰䣱䣲䣳酦𨠒酬酪酩酧酮酭酨酫酯䣴䣵䣶䣷䣸䣹酰酱𬪩𨠧酸酵酷酲酳酴酶酻酺酹䣺䣻酼酽酾酿醇醋醂醉醃醆醊醅醁醀醄醈醌䣼䣽䣾䣿䤀醒醐醍醗醎醕醔醑醓䤈醏醖醛䤁䤂䤃䤄䤅䤆䤇䤊𨡭醜醤醢醞醠醘醝醡醙醟醣䤉䤋醚䤌𨢢𨢊𨢎醪醫醬醦醨醥醧醩䤍𨢮醯醱醮醰醭䤎䤏䤑䤒醸醵醴醳醶醲䤓醷醺醻醹䤐䤔䤕䤖𨣯𨣰醼釀醾醿醽䤘釁釂䤗釄釃釅䤙
身,身躬躯躮躭𨈟𨈚躰䠳䠴䠵䠲躱躲䠷䠸䠹躳躵躴躻躺躶躷躸躹䠻躼躾躽䠼䠽䠾𨉷軀軁躿軅軃軂軄䠿𨊂軆䡀軇䡁軈軉
豆,豆䜳豈豇豉䜴䜵豊豋䜶䜷䜸䜹豌豍䜺豎䜻䜼䜽䜾豏䝁䝀䜿豐䝂豑䝃𧰟䝄豒豓豔
辰,辰辱農䢅䢆辳䢇辴䢉䢈
辛,辛𨐌辜辝辞辟辠辣辡辢辤䢃辥辦辪辭䢄辯
豕,𧰨豕豖㒸豗䝅豚豛豙豘豝豜䝆䝇䝈𢁁象豞豟豠𮙞𧰷豢豦豣豤豥䝉豪豨豩豧𧱓𧱎䝋䝊䝌𧱧𧱝豫豬豭䝍䝎𧱫豲豳豯豰豱豵豴䝏豶豷䝐䝑䝒𧲌𧲏䝓𧲕䝔䝕
釆,釆采釈釉釋
豸,豸豹豺豻豼䝗豽䝖䝘䝙貂豾貃豿貀貁䝚䝛𧲸貊貉貅貈貆貇貄貌貍貋䝜貎貓貏䝝䝞貒貐䝟貑貘貔䝠貕貖𧳶貙貗䝡䝢貚䝣䝤䝥䝦貛貜
麦,麦麸麥麧䴬䴭䴮𪎌麹麪麩麨麫䴯䴰𪌈麺麭麬麮䴴䴱䴲䴳麰麯䴸䴵麱麲䴶䴷𪌭麴䴹䴺麳䴻䴼䴽𪍆麵䴾䴿䵀𪍜䵁䵂䵅麶䵃𪍷䵄䵆𪍿麷
雨,雨⻗𩄙雪雫雩䨋𩁼雲雰雯雱雭雮䨌䨍雬雳電雷零雹雺雴雵雸雼雽䨎雾需雿䨏䨐䨑䨒䨓䨕䨖霁䨔𩂧𩂨震霊霄霈霆霅霃霉霂䨗䨘䨙𩂹霓霎霑霙霏霖霍霒霔霋霌霐霕霗䨚䨛䨜䨝䨡𩃙𩃛𩃬霜霞霛霠䬠霝霚霘霟䨞䨟䨠䨢䨣䨤𬰄霤䨩霣霢霡霥䨥䨦䨪䨨䨧𩄡𩄜𩄛霧霪䨮霨霩霫霦霬䨫䨬䨭䨯𩅄霰霱霳霮霯霴䨰䨱𩅦露霸霹霶霻霵霷霺靀𩆂𩆃霽霾霿霼䨲䨳䨴靁䨵䨶靂靆靄靈靃靇靅䨷𩆭靉䨸靊靎靍靋靌䨹靏䨺靐𩇔䨻
金,金釒釔釓針釜釘釖釟釡釛釚釗釞釙釕釠釢䤛釣釦釧釵釼釶釪釬釰釭釤釹釥釮釱釻釷釩釯釨釫釲釳釴釸䤜釺𨥉𨥆鈍鈎釿鈞鈕鈑鈔鈬鈩鈗鈝鈆鈥鈣鈘鈌鈅鈐鈜鈧鈤鈊鈓鈒鈦鈄鈀鈨鈇鈈鈖釽鈁鈃釾鈂鈉鈋鈏鈙鈚鈛鈟鈠鈡䤝䤞䤟䤠鈢鈪鈫𨥑鉄鉱鉛鉢鈴鉤鈷鉦鉗鉉鉞鉅鉋鉈鈿鉐鉚鈳鉯鉠鈺鉀鈼鉃鉂鉇鈰鈶鉰鉨鉩鉥鉏鉊鉮鉎鉙鉭鉒鈾鈮鉆鉖鈯鉕鉑鈸鉡鈹鉍鉜鉘鈵鉧鉬鉝鈱鈻鈽鉁鉌鉓鉔鉟鉣鉪鉫鉲銏䤡䤢䤣龯鉳鉴銰𨥥𨥫𨥲銀銭銅銃銘銑銚鉾銜銖銕銓銛鋩銨銥銉銦銙鉻銯銎銈鉶銒鉸鉿銗銧鉷銟鉹鉺銊銣鉽銫銍銩鉵銤銪銠鉼銮鈭鈲銁銂銆銇銋銌銐銔銝銞銡銬䤤䤥䤧䤨䤩銢銄銱䤪䤦𨦇𨦈鋭鋳鋤鋲鋪鋒鋏銹銷錵錺銲鋆銳鋈鋘鋨銽鋎鋡銶鋙鋦鋗鋧鋐鋯銼鋜鋅鋕鋠鋟鋮鋋銺銸鋌銻鋓鋀鋥鋱鋇鋂鋬鋍鋣鋰鋁鋝鋃銿銴銵銾鋄鋉鋊鋑鋔鋖鋚鋛鋞鋫鋴䤫䤬䤭䤮䤯䤰䤱䤲﨧鋢鋵鋶𨦺𨦻𨦬𨦷𨦲録鋼錯錠錬錦錮鋸錫錆錘錐錨錏錙錣錻鋺錚鍄錢錄錰錒錥錁錷錧錡錤錈錕鋷錞鋿錩錜錝錟鋹錪錔鍀䤵錶錍錇錳鍆錑錸錂錀錴鍈鍩錽鋽鋾錃錅錉錊錋錌錎錓錖錗錛錭錱錹鍣龬﨨䤳䤴䤶錼錿鍁鍂鍃鍅𨨞𨨩𨨖𨧳𨧦鍛鍵鍋鍔鍬鍾鍍鍼鍮鍠鍖鍜鍊鍟鎁鎄鍇鍰鍕鍥鋻鍞鍧鍭鍘鍿鍫鍒鍶鍐鍺鍴鍉鍗鎂鎇鍑鍢鍽鍪鍚鍱鎡䤹鍯鍌鍎鍓鍙鍝鍡鍤鍦鍨鍲鍷鍸鍹鍻鎃鎝䤷䤸䤺䤻鎅鎆䤼𨩱𨩃𨩪𨨸鎖鎮鎌鎧鎗鎚鎔鎰鎹鎬鎭鎢鎣鎵鎶鎋䤿鎳鎤鎻鎈鎍鎀鎨鎪鎴鎕鎒鎿鎛鎺鎫鎞鎊鎏鎦鎘鏌鏵鎸鍳鍏鎉鎎鎐鎑鎓鎙鎜鎟鎠鎯鎱鎲鎷䤽䤾䥀䥁䥂䥃䥄䥅䥆䥈龲鎼鎽鎾䥇𫒼𨪙𨫍鏡鏑鏖鏘鏈鏤鏨鏃鏝鏐鏥鏠䥓鏁鏆鏹鏊鎩鏙鏟鏅鏱鏦鏚鏇鏩鏉鏓鏄鏜鏋鏢鏞鏍鏧鎥鏀鏂鏎鏏鏒鏔鏕鏛鏣鏪鏫鏬鏭鏮䥉䥊䥋䥌䥍䥎䥐䥒鏯鏰鏲䥑𨫤𨫝𨫔鐘鐙鐚鏗鐔鐃鐐鐓鐡鐇鐂鐦鐗鐧鐖鐈鏸鐍鐝鐄鐟鐁鐎鐉鐏鐜鏺鐨鐠鏷鐒鐯鏶鏼鏾鏿鐀鐅鐆鐊鐋鐌鐑鐞鐥鐷鐼䥏䥔䥕䥖䥗䥘䥙䥚䥛䥟䥠鏳鐛鐢鐣䥜𨭆𨬝鐸鐫鐶鐺鐵鑁鐮䥝鏻鐿鐻鐱鏽鐩鐲鐽鐴鐳鑊鏴鐪鐬鐭鐰鐾鑉䥞䥡䥢䥣䥤䥩鐹䥬鐤鑀䥦䥥𨭻𨭜𨭖鑓鑄鐕鑎鑋鑅鑈鑃鑌鑂鑆鑇鑍鑏鑐鑖鑝䥧䥪䥫䥭鑔鑧鑑鑒鑠鑢鑞鑚鑛鑙鑡鑕鑜鑟鑣鑥鑗鑘鑤䥨䥮䥯䥰䥱䥲䥳𨯁𨯯鑪鑫鑨鑮鑩䥵䥶䥷鑦䥴鑵鑰鑱鑲鑯鑭鑬鑳䥸鑷鑹鑴鑶鑸鑺鑼鑾鑽鑻钁鑿钄钂钀钃䥹
青,青靑啨靔靖靕靖静靘靗靚靜靛靝䨼
門,門閂閁閃閄閅閉閊閇閈閆䦌䦍𫔙間開閑閏閔閖閒閎閌閍閗閐閕䦎䦏䦐䦑𫔛閘閙閠閟閞閝閚閛閜䦒䦓䦔𨳺関閣閥閤閨閧閡閦閩閰䦖䦗䦘䦙䦚䦕閪𨴐閲閭閱閫閬閴閮閯䦜䦝䦞䦟閳閻閼閹閾䦧閽閶閿閺閵閸闁䦠䦡䦣䦤䦥䦦䦨䦫䦛闂䦩䦢闇闊闃闍闌闀闉闋闆閷闄闅䦪䦬䦭䦮闎闏𨵱闘闖闔闕闗闈闓闑闐闒䦯關䦰闚闙闝闛闡䦱闠闞闟闢闥闤闦闣䦲䦳䦴闧䦵𬮖𨷻
長,镸長镹䦇镺镻䦈䦉𨱧䦊镼𨲢䦋镽𨲭镾
隹,隹隻隼隺隽䧱难𨾇雀寉隿䧲集雄雇雁雈雂雃㕠䧳䧴䧵䧶𨾘雅雎雉雍雋䧺雊䧹雏䧷䧸𨾣𨾠雑雌䧻雒雐𨾶雓䧼䧽𨿐霍雕䧿雔䧾𨿸𨿠雖雚雘䨁䨂𩀄𨿿難離雛雜雙雞雝雟雗䨃𩀵難䨄雡𩀨䨅䨆䨇𩀹雤䨈雥雦䨉雧䨊
非,非䨽䨾靟䨿𩇶靠䩀靡䩁
隶,隶隷隸
斉,斉斎齊齑齋䶒䶓齌齍齎齏
食,飠食⻞𩙿飢飣飤飡䬢飲飯飦飧飥䬣䬤䬥飨飼飾飽飭飩飫飮飱飪飰飬䬦䬧䬨䬩䬪飯飴飳飶䬻䬴飷飸飹飿餀䬫䬬䬭䬯䬰䬱䬲飵飻䬮䬳飼養餓餌餅餉餃餁餈餂餇飺餄餆餋䬵䬶䬷䬸䬺䬹餍餎餏𩛌館餐餔餒餘餝餕䭀餗餖餑䬽䬾䬿䭁䭂䬼餙𩛰𩜙餡餤餞餠餧䭇餜餛餦餟餢餴餚餥䭄䭊餣餩䭃䭅館𩜉𩜁餮餬餲餵餫餱餭餳餰餪餯䭆䭈䭌䭍䭎䭉䭋餷䭏𩝐𩜾饂餽餾餼餻饀餹餺饁䭓餶餿䭐䭑䭒䭔餸饃𩝝饉饅饇饈饆䭕䭖䭗饄𩞁饐饌饑饋饒饊饎饙饍饏饓䭘䭚䭛䭟䭜饗饕饘饔饛饚䭝䭞䭠饖䭣饜䉵䭙䭢䭤䭡䭥䭦饝饞饟䭧䭨饠饡䭩饢
音,音䪦䪧䪨韵韴䪩韶韷䪪韸䪫䪬韺韹䪭韻䪮䪯響韼韽韾響䪰頀
首,首馗䭫䭬𩠜𩠥𩠦馘䭭䭮
風,風䫸颪颩䫹颫颬䫺䫻䫼䫽𩖢𩖨颯颱䬃颭颰颮䫾䫿䬀䬁䬂𩖶颳颲䬄䬅𩗏颴颵䬆䬇䬈䬉䬊𩗗𩗛颶颷䬋䬌䬍䬎䬏䬐颸颺䬒䬑䬓䬔䬕䬖䬗𩘐颽颼颿颻䬙飀颹䬘䬚颾飄飃飂飁䬛䬜飆飇飈飅飉䬝飊飋䬞䬟飌飍𩙡𩙤
面,靣面䩂䩃靤䩅䩆䩇靥𩈜靦䩉䩈䩊𩈫𩈲𩈳𩈶䩋靧䩌䩍䩎靨䩏𩉙
飛,飛䬡飜飝
革,革勒靪靱靭靫靬靮靯䩐䩑䩒靰𩉞靴靹靷靳靲靸靶靵䩓䩔䩕䩖䩗䩘鞄靼鞁靺鞅鞆靾靿鞃靻䩜鞀靽䩞鞂䩙䩚䩛鞍鞐鞋鞏鞉鞌鞇鞈鞊鞎䩝䩟鞒𩊠鞘鞙鞕鞗鞖鞓䩠鞔䩡䩢䩣䩤䩥䩦䩧鞑𩊱𩊮鞠鞜䩭鞚鞞䩬鞟䩨鞛鞝䩩䩪䩫䩮䩯鞡鞭鞫鞦鞳鞨鞣鞬鞧鞢鞮鞪鞤鞥鞩䩰䩱䩲䩳䩴䩵䩶䩸鞯鞴鞵鞲鞶鞾鞱鞰䩷䩹䩺䩻鞷𩌍𩌏𩌑鞹鞺鞸鞻䩼䩽䩾𩌹𩌰䩿鞼鞿鞽䪀䪁䪂䪃䪄韃韁韂韄韀䪅䪆䪇韈韅䪈韆韇䪉𩍴韉䪊䪋𩍿䪍䪌䪎𩎈韊𩎎𩎑
香,香馚馛馝馜䭯馟馞馠馣馡馢䭰䭱䭲馥馤馦馧馨馩馪馫䭳
韭,韭韮䪞韯䪟韰韱䪠韲䪡䪢䪣䪤齏䪥
韋,韋韌䪏韎韍䪐䪑䪒䪓韑韐韏韒䪔韓韔韕䪕𩎼韙韗䪗韘韖韚䪖䪘韜韝韞韛韡䪙䪚韟韠韢䪛䪝韣䪜韤韥
高,高髙䯧䯨髚䯩髛髜䯪髝䯫𩫨髞䯬
馬,馬𩡧馮馭䭴𩡪馴馳馯馵馲馰馱䭵䭶駅駆駄駁馼駃馹馺馽馿馶馸馻馾駀駂䭷䭸䭹䭺䭻䭼䭽馷駇䭾𩢈駐駒駕駈駟駛駑駘駝駚駏駉駔駞駓駜駙駠駊駋駌駍駎駖駗䭿䮀䮁䮂䮃䮄䮅𩢟𩢔𩢛駮駱駭駢駲駰駫駬駪駧駡駣駤駥駦駨駩駯䮆䮇䮈䮉䮊䮋䮌䮍𩣆𩢾𩢮𩢸𩢷駿駻騁駸駴騃駽騂駾駼駹駵駳駶駷駺騀䮎䮏䮐䮑䮒𩣚𩣣𩣘𩣡験騒騎騅騏騈騐騊騑騋騄騌騆騇騉騍䮓䮔䮕䮖䮗䮘䮙䮚䮛𩣸𩣺𩣱騨騙騢騧騞騤䮝騚騣騠騖騘騔騕騗騛騜騝騟騡騥騦騲䮜䮞䮟䮠䮡䮢騰騫驀騷騮騱騭騶騳驊騩騪騬騴騵騸䮣䮤䮥䮦䮧䮨䮩䮬騯𩥖𩥆𩥃驂驃騾驅驁䮯驄䮰驇騺騻騹騼騽騿驆龭䮪䮫䮭䮮䮱驚驕驍驒驑驈驉驔驋驏驐驓䮲䮳䮴䮵䮶𩦌驛驗驘驎驌驖驙驜䮷䮸䮹𩦸𩦺𩦥驟驝驞䮺䮻䮽䮼𩧂驥驢驠驡驣䮾驤驩驦驧䮿龮驨䯀驪䯁驫𩧢䯂
骨,骨䯆骩䯇𩨔骭骪骫骬骮𩨗骰骱骯䯈䯉䯊骷骶骳骲骵䯋䯌䯍䯎骸骼骻䯏䯒骹骺骴䯐䯑䯓䯔骾骽䯕䯖䯗䯘䯙䯚髀髁骿䯛䯜髄髂髃䯝䯞䯟髅𩩲髇髊髆髈髉䯠䯡𩪆𩪂𩪁髏髎髍䯢髐髒䯣髑髓體䯤𩪥髕髖䯥䯦髗
鬼,鬼鬽魂魁鬾鬿䰟魀魅魃魄䰠魆䰡䰢䰣魇魈魍魎魏魌魋魊䰥䰤䰦䰧𩳢䰨䰩魐䰪魔魑魒魓魕魖䰫䰬䰭𩴢䰮魘魗魙䰯䰰𩵀𩵂䰱
髟,髟髠䯭䯮髢髡髪髦髣髥髨䯰髧髤髩䯯䯱䯲䯳䯴𩬀髫髯髴髱髮髬髲髳髰䯵䯶𩬛髭髻髷髺髹髵髶髸䯷䯸𩬰髽髿髾髼鬁鬂鬀䯹䯺䯼䯻鬆鬈鬄鬃鬅䰀鬇䯽䯾䯿䰁䰂鬍鬋鬉鬌鬎鬊䰃䰄䰅䰆䰇鬏𩮀𩮅鬐鬒鬑鬕䰈䰉䰊䰋鬓𩮗鬘鬔鬖鬗䰌䰍鬚鬜鬙鬛䰎鬝鬟鬠䰒鬞鬢鬡䰏䰑鬣䰐䰓䰔𩯳䰕𩯿鬤䰖
鬯,鬯鬰鬱
鬥,鬥鬦鬧鬨鬩鬪䰗䰘鬫鬬鬭鬮
鬲,鬲䰙䰚䰛鬳䰜鬴鬵鬷鬸鬹鬺鬻䰝𩱘𩱡䰞
龍,竜龍龎龏龐龑龒龕龔䶬龓𪚜龖龗龘𪚥
魚,魚䰲魞魛魜魝䰳𩵏𩵐魟䰵魡魠䰴魢䰶魯魴魪䰻魥魭魧魦魣魳魫魶魹魨魸䰽魬魮魵䰷魷魲魤魩魰魱䰸䰹䰺䰼䰾𩵤鮎鮒鮃鮓鮑鮗鮖䱀魼鮔䱁鮏鮀鮐鮊鮁鮍魾鮇鮅鮄鮋䱂魿䱈鮌鮉䱇魺魻魽鮂鮈鮕䰿䱃䱅䱆䱉鮘𩶗𩶠𩶃鮮鮪鮭鮫鮟鮨鮠鮴鮣鮱鮰鮚鮬鮯䱎䱍鮆鮞鮛鮡鮧鮦鮩鮲鮥鮤鮝鮙鮜鮢䱊䱋鮳䱄𩶭鯉鯀鯊鯒鯑鯏鮹鯆鯎鯇鯁鯋鮺鮻䱗鮼鯐鮾鮵鮿鮷䱐鮸鯈䱒䱌䱔鮶鮽鯂鯃鯄鯅鯌䱏䱑䱓䱕䱖䱘鯍鯓𩸽𩷛𩷕𩷍鯨鯖鯵鯛鯣鯢鯤鯲鯡鯔鯱鯰鯘䱤鯕䱡䱟鯝䱜鯞䱙鯧鯗鯜鯳鯯䱥鯫鯮鯟鯥鯪鯩鰙鯙鯚鯠鯦鯬鯭䱚䱛䱝䱞䱠䱢䱣䱦䱧䱨䱩鯴䱪𩸕𩸭鰐鰍鰓鰉鰔鰕鰌鰈鰆鰒鰊鰄鰛鯹䱭鰀鰋鰅鯸鯶鰇鯺鯽鯼鰂鰖鯷䱱鰚鰏鯾鯿鰘鰑鰦鯻鰁鰃鰎鰗䱫䱬䱮䱯䱰䱲䱳䱴𩺊𩹉𩹇鰯鰭鰮鰥鰤鰰鰡䱽鰞鰪䱵䱻鰜鰬鰝䱹鰣鰠鰧鰨鰢鰟鰩鰫䱶䱷䱸䱺䱼𩹷鱈鰺鰻鱆鱇鰾鰲䲁鰴䲅鰶鰼鰽鱃鱂鰷鰿鱄䲃鱁鰵鱅鰱鰳鰸鱀䱾䱿䲀䲂䲄䲆䲈䲇𩺰𩺺𩻄𩺭𩺲𩺮鰹鱒鱚鱉鱊鱛鱎鱖鱑鱏鱘鱓鱔鱍鱕鱝鱋鱌鱙䲉䲊䲋䲌䲍䲏䲕䲎𬵪𩻩𫙹鱗鱠鱧鱫鱜鱞鱤鱥鱟鱪鱐鱢鱣鱩鱯鱮鱡鱦䲐䲑䲒䲓䲔鱭鱰鱨鱴鱬鱱䲖䲗䲘𩻛鱶䲛鱵鱲鱳䲙𩼼鱸鱷䲚鱹鱺𬵿鱻䲜
黄,黄黃黅黆䵊黇黈黉黋黊䵋䵌䵍𪏆䵎䵏䵐黌
黒,黒黑䵝䵞黙䵟黓䵠黛黔默黕黖黗䵡黜黝點黚㸃䵢䵣𪐷黠黟䵤䵥䵦䵧黡黣黢䵨䵩黥黨黤黦黧䵪䵫䵬黪黯黭黬黮黫䵭䵮䵯黱黰黴黳黲䵰䵱黵䵲䵳䵴黶䵵黷黸
鳥,鳬鳥鳦鳩鳰鳧鳫鳨鳪鳭鳮鳯䲥鳴鳶鳳鳱鳲䲦鳵䲧䲨䲩䲪䲫鴎鴈鴇鴉鴃鴆鴂䲰鳿鳹鳸鳷鳾鴋䲷鳺鳻鳼鴀鴁鴄鴅鴌鴍鴔䲬䲭䲮䲯䲱䲲䲳䲴䲵䲸鳽䲶𩿎𩿉𩿃鴛鴨鴦鴬鴫鴟鴒鴕鴣鴪鴥鴐鴚鴞鴝䳅鴑䲹鴘䳇鴢鴗鴙鴊鴏鴓鴖鴠鴡鴤鴧鴩鴱䲺䲻䲼䲽䲾䲿䳀䳁䳂䳃䳆䳈䳉䳊𪀀𩿧鴻鵄鴿鵁鴾鵆鵈鴳鴰鵂䳎䳍鴴鴲鴜鴯鴸鵀鴽鴺鵃鵇䳑鵅鴷䳌鴼䳄翵鴭鴮鴵鴶鴹鵉鵧䳏䳐䳒䳓䳔䳋𪀯𪀚𪀦𪀸𪀽𪀠鵠鵜鵝鵞鵑鵤鵙鵐鵌䳘鵥鵟鵊鵔鵕鵢鵚鵓鵒鵣䳜鵋鵍鵎鵏鵖鵗鵘鵛䳕䳖䳗䳙䳚䳛𪃹𪁾鶏鵡鵬鵲鶉鵺鶇鵯鶓鵪鶍鵷鵸䳢鶎鶋鶌鶂鶃鵳鵼鶊鵾鵻鶄鵫鵽鵰鵩䳤鶆鵹鵦鵨鵭鵮鵱鵴鵵鵶鵿鶀鶁鶅鶈鶜鶧䳝䳞䳟䳠䳡䳣鶑䳥𪂂𪁷𪂉鶚鶤鶫鶩鶪鶘鶕鶢鶡鶖鶒鶙鶗鶥鶿鷀䳨鶐鶔鶛鶝鶞鶟鶠鶣鶦鶨䳦䳧䳩䳪䳫䳬䳭䳮䳯䳰𪃶𪂷鶴鶯鶲鷁鶻鶺鷆鶸鷂鷄鷏鶵鶾鷃鶮鶷鷊鶼鶱鷇鶽鶬鷉鶹鶭鶰鶳鶶鷅鷈鷋鷌鷍鷎鷨䳲䳳䳴䳵䳶𪄟鷙鷓鷗鷘鷖鷠鷔鷟鷐鷞鷕鷚鷑鷒鷛鷜鷝䳷䳸䳺䳻䳼䳽䳱鶴䳹𪄺𪅘𪄲𪅃𪅮𪄹鷲鷸鷦鷯鷭鷧鷣鷰鷴鷳鷮鷢鷥鷩䴅鷡鷤鷪鷬鷱鷵鷶鷷鷻鷼䳾䳿䴀䴁䴂䴃䴆𪆐𪆂𪆫𪅰𪆴鷹鷺鷽鷾䴈鸂鷿鸊鷫䴉䴋鸃䴊鸀鸇䴇䴌鸏鸒鸁鸄鸅鸆鸈鸉鸌䴄𪇊鸎鸑鸐鸋鸍䴍𪇚鸓鸔䴎𪇰𪇹鸖鸕䴏鸗鸚鸛鸙鸘鸜𪈪鸞鸝䴐䴑䴒
鹿,鹿麁麂麀䴟䴠麃䴡麄䴢麈麇麅麆䴣䴤䴥麋麉麊𪊑麌麎麐麏麍䴦麗麓麒麕麑麖麔䴧麚麙麘麛𪋓麝麜䴨麞䴩𪋦麟麠䴫䴪𪋪麡麢𪋶麣麤𪋻
麻,麻麼麽麾䵇麿黀黁䵈䵉𪎨𪎪黂
鹵,鹵鹶䴚𪉚鹷䴛鹸鹹鹺鹻䀋䴜𪉸䴝鹼鹽䴞𪊉
亀,龟亀龜䶯䶰䶱䶲龞
歯,歯齒齓齢齔𪗱齕䶔𪘂齖齘齗䶕䶖𪘚齣齟齠齡䶗齞齚齙齛齝䶘䶙𪗩齦齧齜齤齥齨齩䶚䶛𪗿𪗷齬齪齫䶜䶝𪘘𪘏齰齱齭齮齯䶞䶟𪘨齷齲齶齴齳齵䶠䶡䶢𪙂齺齻齸齹䶣䶤𪙉䶥䶦䶧齽齼䶨䶩䶪齾䶫𪚍
黍,黍黎䵑䵒䵓黏𪏻𪐀䵔䵕䵖䵗䵘䵙䵚黐䵛䵜
黹,黹黺黻𪓋黼
鼓,鼓鼔鼕鼖䵽䵾䵿鼗䶀鼛鼚鼙䶁鼘鼜鼞鼟鼝𪔳𪔱
鼠,鼡鼠䶂鼢鼣鼤䶃鼬鼩鼨鼪鼫鼧鼥䶄鼦䶅鼭鼯鼮鼰鼱䶆鼴鼳鼲鼵䶇鼹鼷鼸䶉鼶䶈𪕽𪖅鼺
鼎,鼎鼑鼐鼏鼒䵺䵻䵼
黽,黾鼋黽鼌黿鼂鼀鼁䵶鼃䵷鼄鼍鼅䵸𪓰鼆鼇䵹鼈鼉鼊
鼻,鼻鼼鼽鼾鼿䶊䶋齁䶌齀䶍䶎𪖣䶏齂齃齄齆齅齇齈䶐䶑齉
龠,龠龡䶳龢龣䶴龤䶵𪛕